task_id,priority,description,dependencies,current_status,implementation_evidence,ui_evidence,test_evidence,deployment_evidence,hardware_validation_requirement,external_blocker,next_action
RC-01,P0,Preserve the 0.3.11 Beta 1 release-candidate storage behavior,,VERIFIED,SOFTWARE VERIFIED — CI run `32718177066` passed all six jobs at immutable commit `66246ac274479724cebc61297b595935fbc1e012`; storage run `32718177058` passed all four applicable isolated jobs. The exact release artifact is installed and ready on the beta bench with honest empty managed-storage state and the four Cisco SSDs unchanged,,SOFTWARE VERIFIED — CI run `32718177066` passed all six jobs at immutable commit `66246ac274479724cebc61297b595935fbc1e012`; storage run `32718177058` passed all four applicable isolated jobs. The exact release artifact is installed and ready on the beta bench with honest empty managed-storage state and the four Cisco SSDs unchanged,SOFTWARE VERIFIED — CI run `32718177066` passed all six jobs at immutable commit `66246ac274479724cebc61297b595935fbc1e012`; storage run `32718177058` passed all four applicable isolated jobs. The exact release artifact is installed and ready on the beta bench with honest empty managed-storage state and the four Cisco SSDs unchanged,None identified,,None; preserve with regression coverage
RC-02,P0,Maintain two-pass release validation,,VERIFIED,"SOFTWARE VERIFIED — both clean attempts of run `32691347484` passed 539 backend, 162 frontend, 4 accessibility, 26 Chromium E2E, 74 bootstrap and 19 release tests plus Ruff, telemetry soak, live Linux collectors, wheel/bundle/systemd, installed recovery and live MinIO",,"SOFTWARE VERIFIED — both clean attempts of run `32691347484` passed 539 backend, 162 frontend, 4 accessibility, 26 Chromium E2E, 74 bootstrap and 19 release tests plus Ruff, telemetry soak, live Linux collectors, wheel/bundle/systemd, installed recovery and live MinIO",,None identified,,None; preserve with regression coverage
RC-03,P0,Keep physical certification separate,,VERIFIED,"VERIFIED — roadmap, validation and live-beta evidence continue to distinguish software, isolated and physical states; no Cisco SSD or matching physical controller/shelf is claimed as tested",,"VERIFIED — roadmap, validation and live-beta evidence continue to distinguish software, isolated and physical states; no Cisco SSD or matching physical controller/shelf is claimed as tested","VERIFIED — roadmap, validation and live-beta evidence continue to distinguish software, isolated and physical states; no Cisco SSD or matching physical controller/shelf is claimed as tested",Matching physical provider/hardware execution,,None; preserve with regression coverage
RC-04,P0,Preserve bounded external blockers,,VERIFIED,"VERIFIED — the managed scan retains its exact bounded environment error and physical provider work remains HW-16 without blocking software, CI, deployment or roadmap progress",,,,Matching physical provider/hardware execution,,None; preserve with regression coverage
RC-05,P0,Keep expensive release workflows deliberate and actionable,,VERIFIED,SOFTWARE VERIFIED — actionlint; prior failure reconciled to passing successor,,,,None identified,,None; preserve with regression coverage
WEB-01,P1,Inventory the current www server and site,,NOT STARTED,,,,,None identified,,"Implement and prove: Record hosting stack, DNS/TLS, services, source, database, assets, content, redirects, analytics, integrations, backups, permissions, secrets locations, and rollback constraints without changing production."
WEB-02,P1,Create a recoverable current-site archive,WEB-01,NOT STARTED,,,,,None identified,,"Implement and prove: Produce timestamped source/content/database/configuration backups, checksums, restore instructions, and a tested staging restore before replacement. Do not call an untested archive recoverable."
WEB-03,P2,Establish the Hoardarr visual system,,NOT STARTED,,,,,None identified,,"Implement and prove: Inventory the approved new logos, colors, typography, iconography, light/dark behavior, responsive rules, and accessible contrast. Preserve recognizable Hoardarr/ARR character without copying another community's distinctive assets."
WEB-04,P1,Select and document the website architecture,WEB-01,NOT STARTED,,,,,None identified,,"Implement and prove: Choose the simplest maintainable platform for public pages, ingestion/API, accounts, forum, uploads, moderation, search, analytics, and deployment; define service/data boundaries and direct-to-latest upgrade behavior."
WEB-05,P2,Build the modern public site,WEB-03;WEB-04,NOT STARTED,,,,,None identified,,"Implement and prove: Implement responsive home, product, download/docs, hardware statistics, build showcase, community, privacy, security, and status experiences using real data only."
WEB-06,P2,Build public hardware/statistics pages,FLEET-23;FLEET-24;WEB-04,NOT STARTED,,,,,None identified,,"Implement and prove: Publish privacy-safe aggregate hardware, storage-layout, lifecycle, and adoption statistics with methodology, sample size, freshness, missing-data semantics, and bounded APIs."
WEB-07,P4,Add disclosed affiliate hardware links,,NOT STARTED,,,,,None identified,,"Implement and prove: Support new/used/alternative hardware links, explicit affiliate disclosure, editorial separation, aggregate-only targeting, click attribution boundaries, and no retailer inference from private telemetry."
WEB-08,P3,Build the community forum/discussion system,,NOT STARTED,,,,,None identified,,"Implement and prove: Provide accounts, categories, threads, replies, quoting, reactions, search, subscriptions, reporting, moderation, spam controls, rate limits, accessibility, and mobile usability."
WEB-09,P3,Define the community taxonomy,,NOT STARTED,,,,,None identified,,"Implement and prove: Include hardware, data hoarding, homelab, Plex/Jellyfin/Emby, ARR applications, downloads, mergerFS, SnapRAID, ZFS, Linux MD, controllers/enclosures, build logs, troubleshooting, deals, and off-topic/community areas."
WEB-10,P3,Add forum governance and safety,,NOT STARTED,,,,,None identified,,"Implement and prove: Publish rules, moderator roles, report/appeal flow, anti-spam/anti-abuse controls, attachment policy, retention/deletion behavior, and privacy policy."
WEB-11,P2,"Build staging, cutover, and rollback",WEB-02;WEB-04;WEB-05,NOT STARTED,,,,,None identified,,"Implement and prove: Validate redirects, SEO metadata, sitemap, robots policy, TLS, caches, database migration, asset integrity, link checks, monitoring, and one-command/atomic rollback before production cutover."
WEB-12,P2,Validate quality and accessibility,,NOT STARTED,,,,,None identified,,"Implement and prove: Test responsive breakpoints, keyboard use, focus, semantic structure, contrast, screen-reader names, performance budgets, browser compatibility, broken links, and error/empty/loading states."
WEB-13,P2,Add website operations,,NOT STARTED,,,,,None identified,,"Implement and prove: Implement health checks, metrics, logs, alerting, database/storage backups, restore drills, uptime monitoring, capacity monitoring, and incident runbooks."
WEB-14,P1,Add end-to-end staging validation,WEB-11;FLEET-11,NOT STARTED,,,,,None identified,,"Implement and prove: Exercise anonymous visitor, telemetry client, outage/retry, account, forum, moderation, profile privacy, leaderboard opt-out, affiliate disclosure, admin, and rollback scenarios."
WEB-15,P2,Production launch gate,WEB-02;WEB-11;WEB-12;WEB-13;WEB-14,NOT STARTED,,,,,None identified,,"Implement and prove: Archive and replace the current site only after an explicitly selected launch task, successful restore drill, staging acceptance, final content approval, and rollback readiness."
EDGE-01,P1,1. Product principle,,NOT STARTED,,,,,None identified,,Implement and prove: Implement and prove every requirement in [EDGE §1](specs/hoardarr-com-edge-security.md#1-productprinciple).
EDGE-02,P1,2. hoardarr.com reverse proxy,WEB-04,NOT STARTED,,,,,None identified,,Implement and prove: Implement and prove every requirement in [EDGE §2](specs/hoardarr-com-edge-security.md#2-hoardarrcomreverseproxy).
EDGE-03,P1,3. Telemetry endpoint limits,FLEET-11,NOT STARTED,,,,,None identified,,Implement and prove: Implement and prove every requirement in [EDGE §3](specs/hoardarr-com-edge-security.md#3-telemetryendpointlimits).
EDGE-04,P1,4. CrowdSec on hoardarr.com,,NOT STARTED,,,,,None identified,,Implement and prove: Implement and prove every requirement in [EDGE §4](specs/hoardarr-com-edge-security.md#4-crowdseconhoardarrcom).
EDGE-05,P1,5. WAF/AppSec,,NOT STARTED,,,,,None identified,,Implement and prove: Implement and prove every requirement in [EDGE §5](specs/hoardarr-com-edge-security.md#5-wafappsec).
EDGE-06,P1,6. Server-side telemetry abuse detection,,NOT STARTED,,,,,None identified,,Implement and prove: Implement and prove every requirement in [EDGE §6](specs/hoardarr-com-edge-security.md#6-server-sidetelemetryabusedetection).
EDGE-07,P1,7. NGINX/CrowdSec observability,,NOT STARTED,,,,,None identified,,Implement and prove: Implement and prove every requirement in [EDGE §7](specs/hoardarr-com-edge-security.md#7-nginxcrowdsecobservability).
EDGE-08,P4,8. Hoardarr appliance security menu,,NOT STARTED,,,,,None identified,,Implement and prove: Implement and prove every requirement in [EDGE §8](specs/hoardarr-com-edge-security.md#8-hoardarrappliancesecuritymenu).
EDGE-09,P4,9. Security Overview,,NOT STARTED,,,,,None identified,,Implement and prove: Implement and prove every requirement in [EDGE §9](specs/hoardarr-com-edge-security.md#9-securityoverview).
EDGE-10,P4,10. CrowdSec on local Hoardarr systems,,NOT STARTED,,,,,None identified,,Implement and prove: Implement and prove every requirement in [EDGE §10](specs/hoardarr-com-edge-security.md#10-crowdseconlocalhoardarrsystems).
EDGE-11,P4,11. Reverse proxy integration,,NOT STARTED,,,,,None identified,,Implement and prove: Implement and prove every requirement in [EDGE §11](specs/hoardarr-com-edge-security.md#11-reverseproxyintegration).
EDGE-12,P4,12. WAF on local Hoardarr,,NOT STARTED,,,,,None identified,,Implement and prove: Implement and prove every requirement in [EDGE §12](specs/hoardarr-com-edge-security.md#12-wafonlocalhoardarr).
EDGE-13,P4,13. Suricata,,NOT STARTED,,,,,None identified,,Implement and prove: Implement and prove every requirement in [EDGE §13](specs/hoardarr-com-edge-security.md#13-suricata).
EDGE-14,P4,14. Suricata integration data,,NOT STARTED,,,,,None identified,,Implement and prove: Implement and prove every requirement in [EDGE §14](specs/hoardarr-com-edge-security.md#14-suricataintegrationdata).
EDGE-15,P4,15. ClamAV,,NOT STARTED,,,,,None identified,,Implement and prove: Implement and prove every requirement in [EDGE §15](specs/hoardarr-com-edge-security.md#15-clamav).
EDGE-16,P4,16. ClamAV controls,,NOT STARTED,,,,,None identified,,Implement and prove: Implement and prove every requirement in [EDGE §16](specs/hoardarr-com-edge-security.md#16-clamavcontrols).
EDGE-17,P4,17. Download-folder integration,,NOT STARTED,,,,,None identified,,Implement and prove: Implement and prove every requirement in [EDGE §17](specs/hoardarr-com-edge-security.md#17-download-folderintegration).
EDGE-18,P4,18. Malware detection handling,,NOT STARTED,,,,,None identified,,Implement and prove: Implement and prove every requirement in [EDGE §18](specs/hoardarr-com-edge-security.md#18-malwaredetectionhandling).
EDGE-19,P4,19. Security events,,NOT STARTED,,,,,None identified,,Implement and prove: Implement and prove every requirement in [EDGE §19](specs/hoardarr-com-edge-security.md#19-securityevents).
EDGE-20,P4,20. Resource usage,,NOT STARTED,,,,,None identified,,Implement and prove: Implement and prove every requirement in [EDGE §20](specs/hoardarr-com-edge-security.md#20-resourceusage).
EDGE-21,P4,21. Installation model,,NOT STARTED,,,,,None identified,,Implement and prove: Implement and prove every requirement in [EDGE §21](specs/hoardarr-com-edge-security.md#21-installationmodel).
EDGE-22,P4,22. Fail safely,,NOT STARTED,,,,,None identified,,Implement and prove: Implement and prove every requirement in [EDGE §22](specs/hoardarr-com-edge-security.md#22-failsafely).
EDGE-23,P4,23. Updates,,NOT STARTED,,,,,None identified,,Implement and prove: Implement and prove every requirement in [EDGE §23](specs/hoardarr-com-edge-security.md#23-updates).
EDGE-24,P1,24. Testing — hoardarr.com,EDGE-02;EDGE-03;EDGE-06,NOT STARTED,,,,,None identified,,Implement and prove: Implement and prove every requirement in [EDGE §24](specs/hoardarr-com-edge-security.md#24-testinghoardarrcom).
EDGE-25,P4,25. Testing — local CrowdSec,,NOT STARTED,,,,,None identified,,Implement and prove: Implement and prove every requirement in [EDGE §25](specs/hoardarr-com-edge-security.md#25-testinglocalcrowdsec).
EDGE-26,P4,26. Testing — Suricata,,NOT STARTED,,,,,None identified,,Implement and prove: Implement and prove every requirement in [EDGE §26](specs/hoardarr-com-edge-security.md#26-testingsuricata).
EDGE-27,P4,27. Testing — ClamAV,,NOT STARTED,,,,,None identified,,Implement and prove: Implement and prove every requirement in [EDGE §27](specs/hoardarr-com-edge-security.md#27-testingclamav).
EDGE-28,P4,28. UI behavior,,NOT STARTED,,,,,None identified,,Implement and prove: Implement and prove every requirement in [EDGE §28](specs/hoardarr-com-edge-security.md#28-uibehavior).
EDGE-29,P4,29. Do not over-secure the appliance,,NOT STARTED,,,,,None identified,,Implement and prove: Implement and prove every requirement in [EDGE §29](specs/hoardarr-com-edge-security.md#29-donotover-securetheappliance).
EDGE-30,P4,30. Completion criteria,,NOT STARTED,,,,,None identified,,Implement and prove: Implement and prove every requirement in [EDGE §30](specs/hoardarr-com-edge-security.md#30-completioncriteria).
FLEET-01,P1,1. Telemetry levels,,VERIFIED IN ISOLATION,"VERIFIED IN ISOLATION — required heartbeat, default/opt-out Level 1, explicit Level 2/3, normalized system/drive/health/storage/application inventory and persisted lifecycle/product-event hooks pass client/receiver tests.",,"VERIFIED IN ISOLATION — required heartbeat, default/opt-out Level 1, explicit Level 2/3, normalized system/drive/health/storage/application inventory and persisted lifecycle/product-event hooks pass client/receiver tests.",,None identified,,Implement and prove: Implement and prove every requirement in [FLEET §1](specs/fleet-telemetry-hardware-lifecycle.md#1-telemetrylevels).
FLEET-02,P1,2. Enhanced diagnostics — explicit opt-in,,VERIFIED IN ISOLATION,VERIFIED IN ISOLATION — separate off-by-default Level 2 consent and hierarchical enforcement are covered by fleet API/service tests.,,VERIFIED IN ISOLATION — separate off-by-default Level 2 consent and hierarchical enforcement are covered by fleet API/service tests.,,None identified,,Implement and prove: Implement and prove every requirement in [FLEET §2](specs/fleet-telemetry-hardware-lifecycle.md#2-enhanceddiagnosticsexplicitopt-in).
FLEET-03,P1,3. Content diagnostics — separate explicit opt-in,,VERIFIED IN ISOLATION,VERIFIED IN ISOLATION — separate off-by-default Level 3 consent cannot be enabled without Level 2; file contents remain prohibited.,,,,None identified,,Implement and prove: Implement and prove every requirement in [FLEET §3](specs/fleet-telemetry-hardware-lifecycle.md#3-contentdiagnosticsseparateexplicitopt-in).
FLEET-04,P1,4. Never transmitted,,VERIFIED IN ISOLATION,"VERIFIED IN ISOLATION — recursive bounded sanitization and secret-key fixtures prove passwords, API keys, tokens, CHAP, SNMP and key material are removed.",,,,None identified,,Implement and prove: Implement and prove every requirement in [FLEET §4](specs/fleet-telemetry-hardware-lifecycle.md#4-nevertransmitted).
FLEET-05,P1,5. Country/timezone detection during installation,,VERIFIED IN ISOLATION,"VERIFIED IN ISOLATION — host IANA timezone/country suggestion remains unconfirmed until the user reviews it on the real first-run Server page; server validation, persistence and browser flow pass.",See roadmap acceptance evidence,,,None identified,,Implement and prove: Implement and prove every requirement in [FLEET §5](specs/fleet-telemetry-hardware-lifecycle.md#5-countrytimezonedetectionduringinstallation).
FLEET-06,P1,6. Installation identity,,VERIFIED IN ISOLATION,"VERIFIED IN ISOLATION — persistent random UUID, restart retention and explicit destructive reset are covered by API/service tests.",See roadmap acceptance evidence,"VERIFIED IN ISOLATION — persistent random UUID, restart retention and explicit destructive reset are covered by API/service tests.",,None identified,,Implement and prove: Implement and prove every requirement in [FLEET §6](specs/fleet-telemetry-hardware-lifecycle.md#6-installationidentity).
FLEET-07,P1,7. Cross-system pseudonymous drive identity,,VERIFIED IN ISOLATION,VERIFIED IN ISOLATION — versioned strongest-identifier hashing and A/B client ingestion prove the same virtual drive maps centrally without raw serial transmission.,,,,None identified,,Implement and prove: Implement and prove every requirement in [FLEET §7](specs/fleet-telemetry-hardware-lifecycle.md#7-cross-systempseudonymousdriveidentity).
FLEET-08,P1,8. Partial serials,,VERIFIED IN ISOLATION,VERIFIED IN ISOLATION — only an ellipsized terminal fragment is emitted and fixtures prove the full serial is absent.,,,,None identified,,Implement and prove: Implement and prove every requirement in [FLEET §8](specs/fleet-telemetry-hardware-lifecycle.md#8-partialserials).
FLEET-09,P1,9. Cross-system lifecycle,,VERIFIED IN ISOLATION,VERIFIED IN ISOLATION — normalized drive observations preserve one pseudonymous drive across two independent client installations; physical movement validation remains separate.,,,,Matching physical provider/hardware execution,,Implement and prove: Implement and prove every requirement in [FLEET §9](specs/fleet-telemetry-hardware-lifecycle.md#9-cross-systemlifecycle).
FLEET-10,P1,"10. Heartbeats, snapshots, and events",,VERIFIED IN ISOLATION,"VERIFIED IN ISOLATION — worker-owned heartbeat/inventory cadence and persistent cursor-driven storage lifecycle events are distinct, bounded and browser-independent.",See roadmap acceptance evidence,,,None identified,,Implement and prove: Implement and prove every requirement in [FLEET §10](specs/fleet-telemetry-hardware-lifecycle.md#10-heartbeatssnapshotsandevents).
FLEET-11,P1,11. hoardarr.com ingestion API,FLEET-01;FLEET-06;FLEET-10,VERIFIED IN ISOLATION,VERIFIED IN ISOLATION — versioned registration/batch endpoints and health check ingest two independent real Hoardarr clients in executed tests.,,VERIFIED IN ISOLATION — versioned registration/batch endpoints and health check ingest two independent real Hoardarr clients in executed tests.,,None identified,,Implement and prove: Implement and prove every requirement in [FLEET §11](specs/fleet-telemetry-hardware-lifecycle.md#11-hoardarrcomingestionapi).
FLEET-12,P1,12. HTTPS only,,VERIFIED IN ISOLATION,VERIFIED IN ISOLATION — configuration rejects non-HTTPS endpoints and the client forces certificate verification with no bypass setting.,,,,None identified,,Implement and prove: Implement and prove every requirement in [FLEET §12](specs/fleet-telemetry-hardware-lifecycle.md#12-httpsonly).
FLEET-13,P1,13. Installation registration credential,,VERIFIED IN ISOLATION,VERIFIED IN ISOLATION — unique random per-installation credential is returned once and AES-GCM protected at both boundaries; silent reissue is rejected.,,,,None identified,,Implement and prove: Implement and prove every requirement in [FLEET §13](specs/fleet-telemetry-hardware-lifecycle.md#13-installationregistrationcredential).
FLEET-14,P1,14. Authenticated telemetry envelopes,,VERIFIED IN ISOLATION,"VERIFIED IN ISOLATION — canonical HMAC envelope, sequence, UUID batch, digests, size/schema validation and replay rejection pass receiver tests.",See roadmap acceptance evidence,"VERIFIED IN ISOLATION — canonical HMAC envelope, sequence, UUID batch, digests, size/schema validation and replay rejection pass receiver tests.",,None identified,,Implement and prove: Implement and prove every requirement in [FLEET §14](specs/fleet-telemetry-hardware-lifecycle.md#14-authenticatedtelemetryenvelopes).
FLEET-15,P1,15. Client-controlled limitation,,VERIFIED,VERIFIED — Settings UI and architecture documentation state that authentication is not trusted hardware attestation.,See roadmap acceptance evidence,VERIFIED — Settings UI and architecture documentation state that authentication is not trusted hardware attestation.,,None identified,,None; preserve with regression coverage
FLEET-16,P1,16. Durable offline queue,FLEET-10,VERIFIED IN ISOLATION,VERIFIED IN ISOLATION — SQLite queue survives engine/client restart and does not depend on API or browser lifetime.,See roadmap acceptance evidence,,,None identified,,Implement and prove: Implement and prove every requirement in [FLEET §16](specs/fleet-telemetry-hardware-lifecycle.md#16-durableofflinequeue).
FLEET-17,P1,17. Store-and-forward behavior,,VERIFIED IN ISOLATION,VERIFIED IN ISOLATION — executed outage→persist→restart→retry→server acknowledgement→local deletion workflow passes.,,,,None identified,,Implement and prove: Implement and prove every requirement in [FLEET §17](specs/fleet-telemetry-hardware-lifecycle.md#17-store-and-forwardbehavior).
FLEET-18,P1,18. Queue bounding,,VERIFIED IN ISOLATION,"VERIFIED IN ISOLATION — record, byte and age caps, priority pruning and heartbeat coalescing are covered by deterministic tests.",,"VERIFIED IN ISOLATION — record, byte and age caps, priority pruning and heartbeat coalescing are covered by deterministic tests.",,None identified,,Implement and prove: Implement and prove every requirement in [FLEET §18](specs/fleet-telemetry-hardware-lifecycle.md#18-queuebounding).
FLEET-19,P1,19. Retry behavior,,VERIFIED IN ISOLATION,"VERIFIED IN ISOLATION — connection failures, 429, 500/503, credential rejection and permanent schema rejection retain or dead-letter records with bounded backoff as appropriate.",,,,None identified,,Implement and prove: Implement and prove every requirement in [FLEET §19](specs/fleet-telemetry-hardware-lifecycle.md#19-retrybehavior).
FLEET-20,P1,20. Dead-letter behavior,,VERIFIED IN ISOLATION,VERIFIED IN ISOLATION — permanent rejection becomes bounded inspectable dead-letter state rather than retrying forever.,,,,None identified,,Implement and prove: Implement and prove every requirement in [FLEET §20](specs/fleet-telemetry-hardware-lifecycle.md#20-dead-letterbehavior).
FLEET-21,P1,21. Settings → Telemetry & Privacy,FLEET-01;FLEET-16,VERIFIED IN ISOLATION,"VERIFIED IN ISOLATION — real Settings panel, save/send/clear/reset actions, status and loading/error behavior pass component/API/accessibility tests.",,"VERIFIED IN ISOLATION — real Settings panel, save/send/clear/reset actions, status and loading/error behavior pass component/API/accessibility tests.",,None identified,,Implement and prove: Implement and prove every requirement in [FLEET §21](specs/fleet-telemetry-hardware-lifecycle.md#21-settingstelemetryprivacy).
FLEET-22,P1,22. View exactly what is sent,,VERIFIED IN ISOLATION,VERIFIED IN ISOLATION — authenticated pending-payload API and exact JSON viewer/export expose each record and telemetry level.,,,,None identified,,Implement and prove: Implement and prove every requirement in [FLEET §22](specs/fleet-telemetry-hardware-lifecycle.md#22-viewexactlywhatissent).
FLEET-23,P1,23. Central data model,FLEET-11;FLEET-14,VERIFIED IN ISOLATION,"VERIFIED IN ISOLATION — normalized receiver models, projections, dedicated Alembic history, fail-closed stale-schema startup and authenticated aggregate queries pass against disposable PostgreSQL 17 in CI run `32734681191`; the production package extra and rollback-capable systemd installer are versioned in the repository. Live hoardarr.com staging remains part of FLEET-35.",,"VERIFIED IN ISOLATION — normalized receiver models, projections, dedicated Alembic history, fail-closed stale-schema startup and authenticated aggregate queries pass against disposable PostgreSQL 17 in CI run `32734681191`; the production package extra and rollback-capable systemd installer are versioned in the repository. Live hoardarr.com staging remains part of FLEET-35.",,None identified,,Implement and prove: Implement and prove every requirement in [FLEET §23](specs/fleet-telemetry-hardware-lifecycle.md#23-centraldatamodel).
FLEET-24,P2,24. Aggregate analytics,,VERIFIED IN ISOLATION,"VERIFIED IN ISOLATION — bounded authenticated fleet, geography, version/upgrade, RAM/platform/controller/enclosure, drive/capacity, storage/free-space/redundancy, application-combination and feature distributions pass deterministic receiver tests.",,"VERIFIED IN ISOLATION — bounded authenticated fleet, geography, version/upgrade, RAM/platform/controller/enclosure, drive/capacity, storage/free-space/redundancy, application-combination and feature distributions pass deterministic receiver tests.",,None identified,,Implement and prove: Implement and prove every requirement in [FLEET §24](specs/fleet-telemetry-hardware-lifecycle.md#24-aggregateanalytics).
FLEET-25,P2,25. Drive lifecycle analytics,,NOT STARTED,,,,,None identified,,Implement and prove: Implement and prove every requirement in [FLEET §25](specs/fleet-telemetry-hardware-lifecycle.md#25-drivelifecycleanalytics).
FLEET-26,P2,26. Purchase metadata — optional,,NOT STARTED,,,,,None identified,,Implement and prove: Implement and prove every requirement in [FLEET §26](specs/fleet-telemetry-hardware-lifecycle.md#26-purchasemetadataoptional).
FLEET-27,P2,27. Affiliate analytics boundary,,NOT STARTED,,,,,None identified,,Implement and prove: Implement and prove every requirement in [FLEET §27](specs/fleet-telemetry-hardware-lifecycle.md#27-affiliateanalyticsboundary).
FLEET-28,P2,28. Internal hoardarr.com admin dashboard,,NOT STARTED,,,,,None identified,,Implement and prove: Implement and prove every requirement in [FLEET §28](specs/fleet-telemetry-hardware-lifecycle.md#28-internalhoardarrcomadmindashboard).
FLEET-29,P1,29. Telemetry schema evolution,,VERIFIED IN ISOLATION,"VERIFIED IN ISOLATION — app/schema versions are independent, schema 1 normalizes centrally, unknown versions fail permanently and the compatibility/deprecation policy is documented.",,,,None identified,,Implement and prove: Implement and prove every requirement in [FLEET §29](specs/fleet-telemetry-hardware-lifecycle.md#29-telemetryschemaevolution).
FLEET-30,P1,30. Central retention,,VERIFIED IN ISOLATION,"VERIFIED IN ISOLATION — bounded hourly cleanup applies shorter opt-in/raw, moderate heartbeat/snapshot and long drive-lifecycle retention; deterministic tests prove per-transaction limits and recent-data preservation.",,"VERIFIED IN ISOLATION — bounded hourly cleanup applies shorter opt-in/raw, moderate heartbeat/snapshot and long drive-lifecycle retention; deterministic tests prove per-transaction limits and recent-data preservation.",,None identified,,Implement and prove: Implement and prove every requirement in [FLEET §30](specs/fleet-telemetry-hardware-lifecycle.md#30-centralretention).
FLEET-31,P1,31. Source IP,,VERIFIED IN ISOLATION,VERIFIED IN ISOLATION — receiver never projects request IP into analytics or raw telemetry records.,,,,None identified,,Implement and prove: Implement and prove every requirement in [FLEET §31](specs/fleet-telemetry-hardware-lifecycle.md#31-sourceip).
FLEET-32,P1,32. End-to-end cross-system drive test,FLEET-07;FLEET-09;FLEET-23,VERIFIED IN ISOLATION,VERIFIED IN ISOLATION — two independent client databases submit the same sanitized virtual WWN and central analytics records one cross-system drive.,,,,None identified,,Implement and prove: Implement and prove every requirement in [FLEET §32](specs/fleet-telemetry-hardware-lifecycle.md#32-end-to-endcross-systemdrivetest).
FLEET-33,P1,33. Offline queue end-to-end test,FLEET-16;FLEET-17;FLEET-23,VERIFIED IN ISOLATION,"VERIFIED IN ISOLATION — actual client and receiver execute registration, simulated outage, persistence, restart, reconnect, acknowledgement and deletion.",,,,None identified,,Implement and prove: Implement and prove every requirement in [FLEET §33](specs/fleet-telemetry-hardware-lifecycle.md#33-offlinequeueend-to-endtest).
FLEET-34,P1,34. Secret filtering tests,,VERIFIED IN ISOLATION,VERIFIED IN ISOLATION — malicious nested hardware/provider fixture confirms never-transmitted fields and full serial/path values are absent.,,,,None identified,,Implement and prove: Implement and prove every requirement in [FLEET §34](specs/fleet-telemetry-hardware-lifecycle.md#34-secretfilteringtests).
FLEET-35,P1,35. Completion requirements,,IN PROGRESS,"IN PROGRESS — client, receiver, privacy/first-run UI, event hooks, analytics, retention, versioned central migrations, PostgreSQL packaging and real PostgreSQL 17 CI execution exist; live hoardarr.com staging and persistent A/B store-and-forward demonstration remain.",See roadmap acceptance evidence,,,None identified,,Implement and prove: Implement and prove every requirement in [FLEET §35](specs/fleet-telemetry-hardware-lifecycle.md#35-completionrequirements).
COMM-01,P3,1. Account model,WEB-04;FLEET-23,NOT STARTED,,,,,None identified,,Implement and prove: Implement and prove every requirement in [COMM §1](specs/community-profiles-leaderboards.md#1-accountmodel).
COMM-02,P3,2. Installation claiming,,NOT STARTED,,,,,None identified,,Implement and prove: Implement and prove every requirement in [COMM §2](specs/community-profiles-leaderboards.md#2-installationclaiming).
COMM-03,P3,3. Leaderboard participation,,NOT STARTED,,,,,None identified,,Implement and prove: Implement and prove every requirement in [COMM §3](specs/community-profiles-leaderboards.md#3-leaderboardparticipation).
COMM-04,P3,4. Public build profile,,NOT STARTED,,,,,None identified,,Implement and prove: Implement and prove every requirement in [COMM §4](specs/community-profiles-leaderboards.md#4-publicbuildprofile).
COMM-05,P3,5. Build privacy levels,,NOT STARTED,,,,,None identified,,Implement and prove: Implement and prove every requirement in [COMM §5](specs/community-profiles-leaderboards.md#5-buildprivacylevels).
COMM-06,P4,6. Leaderboard categories,,NOT STARTED,,,,,None identified,,Implement and prove: Implement and prove every requirement in [COMM §6](specs/community-profiles-leaderboards.md#6-leaderboardcategories).
COMM-07,P4,7. Community-voted categories,,NOT STARTED,,,,,None identified,,Implement and prove: Implement and prove every requirement in [COMM §7](specs/community-profiles-leaderboards.md#7-community-votedcategories).
COMM-08,P4,8. Standardized benchmarks,,NOT STARTED,,,,,None identified,,Implement and prove: Implement and prove every requirement in [COMM §8](specs/community-profiles-leaderboards.md#8-standardizedbenchmarks).
COMM-09,P3,9. Verified versus self-reported stats,,NOT STARTED,,,,,None identified,,Implement and prove: Implement and prove every requirement in [COMM §9](specs/community-profiles-leaderboards.md#9-verifiedversusself-reportedstats).
COMM-10,P4,10. Badges and achievements,,NOT STARTED,,,,,None identified,,Implement and prove: Implement and prove every requirement in [COMM §10](specs/community-profiles-leaderboards.md#10-badgesandachievements).
COMM-11,P4,11. Drive lifecycle badges,,NOT STARTED,,,,,None identified,,Implement and prove: Implement and prove every requirement in [COMM §11](specs/community-profiles-leaderboards.md#11-drivelifecyclebadges).
COMM-12,P4,12. Build score,,NOT STARTED,,,,,None identified,,Implement and prove: Implement and prove every requirement in [COMM §12](specs/community-profiles-leaderboards.md#12-buildscore).
COMM-13,P4,13. Seasons,,NOT STARTED,,,,,None identified,,Implement and prove: Implement and prove every requirement in [COMM §13](specs/community-profiles-leaderboards.md#13-seasons).
COMM-14,P3,14. Build history,,NOT STARTED,,,,,None identified,,Implement and prove: Implement and prove every requirement in [COMM §14](specs/community-profiles-leaderboards.md#14-buildhistory).
COMM-15,P3,15. Multiple builds per user,,NOT STARTED,,,,,None identified,,Implement and prove: Implement and prove every requirement in [COMM §15](specs/community-profiles-leaderboards.md#15-multiplebuildsperuser).
COMM-16,P3,16. Global leaderboard UI,,NOT STARTED,,,,,None identified,,Implement and prove: Implement and prove every requirement in [COMM §16](specs/community-profiles-leaderboards.md#16-globalleaderboardui).
COMM-17,P3,17. In-app leaderboard integration,,NOT STARTED,,,,,None identified,,Implement and prove: Implement and prove every requirement in [COMM §17](specs/community-profiles-leaderboards.md#17-in-appleaderboardintegration).
COMM-18,P3,18. Community build page,,NOT STARTED,,,,,None identified,,Implement and prove: Implement and prove every requirement in [COMM §18](specs/community-profiles-leaderboards.md#18-communitybuildpage).
COMM-19,P3,19. Photos,,NOT STARTED,,,,,None identified,,Implement and prove: Implement and prove every requirement in [COMM §19](specs/community-profiles-leaderboards.md#19-photos).
COMM-20,P4,20. Affiliate links,,NOT STARTED,,,,,None identified,,Implement and prove: Implement and prove every requirement in [COMM §20](specs/community-profiles-leaderboards.md#20-affiliatelinks).
COMM-21,P4,21. Hardware popularity statistics,,NOT STARTED,,,,,None identified,,Implement and prove: Implement and prove every requirement in [COMM §21](specs/community-profiles-leaderboards.md#21-hardwarepopularitystatistics).
COMM-22,P4,22. Reliability statistics,,NOT STARTED,,,,,None identified,,Implement and prove: Implement and prove every requirement in [COMM §22](specs/community-profiles-leaderboards.md#22-reliabilitystatistics).
COMM-23,P4,23. Used hardware insights,,NOT STARTED,,,,,None identified,,Implement and prove: Implement and prove every requirement in [COMM §23](specs/community-profiles-leaderboards.md#23-usedhardwareinsights).
COMM-24,P4,24. Optional purchase-source field,,NOT STARTED,,,,,None identified,,Implement and prove: Implement and prove every requirement in [COMM §24](specs/community-profiles-leaderboards.md#24-optionalpurchase-sourcefield).
COMM-25,P4,25. Purchase price,,NOT STARTED,,,,,None identified,,Implement and prove: Implement and prove every requirement in [COMM §25](specs/community-profiles-leaderboards.md#25-purchaseprice).
COMM-26,P4,26. Value leaderboard,,NOT STARTED,,,,,None identified,,Implement and prove: Implement and prove every requirement in [COMM §26](specs/community-profiles-leaderboards.md#26-valueleaderboard).
COMM-27,P3,27. Leaderboard integrity,,NOT STARTED,,,,,None identified,,Implement and prove: Implement and prove every requirement in [COMM §27](specs/community-profiles-leaderboards.md#27-leaderboardintegrity).
COMM-28,P3,28. Anti-cheat,,NOT STARTED,,,,,None identified,,Implement and prove: Implement and prove every requirement in [COMM §28](specs/community-profiles-leaderboards.md#28-anti-cheat).
COMM-29,P3,29. Public ranking privacy,,NOT STARTED,,,,,None identified,,Implement and prove: Implement and prove every requirement in [COMM §29](specs/community-profiles-leaderboards.md#29-publicrankingprivacy).
COMM-30,P3,30. Profile/leaderboard consent,,NOT STARTED,,,,,None identified,,Implement and prove: Implement and prove every requirement in [COMM §30](specs/community-profiles-leaderboards.md#30-profileleaderboardconsent).
COMM-31,P3,31. Account deletion and unclaim,,NOT STARTED,,,,,None identified,,Implement and prove: Implement and prove every requirement in [COMM §31](specs/community-profiles-leaderboards.md#31-accountdeletionandunclaim).
COMM-32,P4,32. Public API,,NOT STARTED,,,,,None identified,,Implement and prove: Implement and prove every requirement in [COMM §32](specs/community-profiles-leaderboards.md#32-publicapi).
COMM-33,P4,33. Gamification must not encourage unsafe behavior,,NOT STARTED,,,,,None identified,,Implement and prove: Implement and prove every requirement in [COMM §33](specs/community-profiles-leaderboards.md#33-gamificationmustnotencourageunsafebehavior).
COMM-34,P3,34. Implementation tests,,NOT STARTED,,,,,None identified,,Implement and prove: Implement and prove every requirement in [COMM §34](specs/community-profiles-leaderboards.md#34-implementationtests).
COMM-35,P3,35. End-to-end scenario,,NOT STARTED,,,,,None identified,,Implement and prove: Implement and prove every requirement in [COMM §35](specs/community-profiles-leaderboards.md#35-end-to-endscenario).
COMM-36,P4,36. Final product philosophy,,NOT STARTED,,,,,None identified,,Implement and prove: Implement and prove every requirement in [COMM §36](specs/community-profiles-leaderboards.md#36-finalproductphilosophy).
LIFE-01,P1,Storage Group persistence,,VERIFIED,SOFTWARE VERIFIED — migration/service/API/UI tests,See roadmap acceptance evidence,SOFTWARE VERIFIED — migration/service/API/UI tests,,None identified,,None; preserve with regression coverage
LIFE-02,P1,Physical disk registry,LIFE-01,VERIFIED,SOFTWARE VERIFIED — path-renumber test,,SOFTWARE VERIFIED — path-renumber test,,None identified,,None; preserve with regression coverage
LIFE-03,P1,Backend identity and stable namespace,LIFE-02,VERIFIED,SOFTWARE VERIFIED — derived identity and namespace tests,,SOFTWARE VERIFIED — derived identity and namespace tests,,None identified,,None; preserve with regression coverage
LIFE-04,P1,Assignment and activation,LIFE-03,VERIFIED,"SOFTWARE VERIFIED — activation now requires an immutable API/UI preflight proving an exact managed mount belongs to the assigned stable disk/logical-storage identity; mismatches, symlinks, missing mounts, unmanaged paths, and critical health fail closed, and accepted evidence is persisted with lifecycle/audit history",See roadmap acceptance evidence,,,None identified,,None; preserve with regression coverage
LIFE-05,P1,Preferred-write invariant,LIFE-04,VERIFIED,SOFTWARE VERIFIED — two-backend invariant test,,SOFTWARE VERIFIED — two-backend invariant test,,None identified,,None; preserve with regression coverage
LIFE-06,P1,"Drain, verify, read-only, and retire states",LIFE-05,VERIFIED IN ISOLATION,VERIFIED IN ISOLATION — durable operation owns each guarded transition; two-loop ext4 CI completed,,,,None identified,,Implement and prove: Model DRAIN → VERIFY → READ-ONLY → RETIRE without permitting unsafe direct skips.
LIFE-07,P1,Optional reuse/wipe linkage,LIFE-06,VERIFIED,SOFTWARE VERIFIED — verified retirement can be explicitly released for reuse through authenticated API/UI with exact confirmation and audit evidence; the historical backend is retained while its uniqueness claim is detached; capability-aware wipe remains a separate destructive plan,See roadmap acceptance evidence,,,None identified,,None; preserve with regression coverage
LIFE-08,P1,Storage lifecycle API,LIFE-07,VERIFIED,SOFTWARE VERIFIED — drain start/progress/pause/resume and bounded immutable-plan contracts included,,,,None identified,,None; preserve with regression coverage
LIFE-09,P1,Storage Groups UI,LIFE-08,VERIFIED,"SOFTWARE VERIFIED — create/assign plus mounted-storage activation review, immutable identity evidence, blocked/error states, prefer, drain approval/progress/pause/resume, and final report states",,,,None identified,,None; preserve with regression coverage
LIFE-10,P1,Lifecycle events and audit,LIFE-09,VERIFIED,"SOFTWARE VERIFIED — lifecycle and operation events preserve actor, plan ownership, phases, and sanitized report details",,,,None identified,,None; preserve with regression coverage
LIFE-11,P1,Discovery reconciliation,LIFE-10,VERIFIED,"SOFTWARE VERIFIED — worker scan hook, unstable-device skip, and renumbering tests",,"SOFTWARE VERIFIED — worker scan hook, unstable-device skip, and renumbering tests",,None identified,,None; preserve with regression coverage
LIFE-12,P1,Lifecycle end-to-end validation,LIFE-11,VERIFIED IN ISOLATION,"VERIFIED IN ISOLATION — real browser covers activation review for both exact-mounted backends, preferred-write, durable drain/pause/resume/report/retirement, and explicit release; hosted Ubuntu run `32660386715` recreated two loop-backed ext4 filesystems and passed immutable activation, write placement, pause/resume, worker restart recovery, verification, retirement, unchanged namespace, and hashes; wipe remains intentionally independent and capability-gated",See roadmap acceptance evidence,"VERIFIED IN ISOLATION — real browser covers activation review for both exact-mounted backends, preferred-write, durable drain/pause/resume/report/retirement, and explicit release; hosted Ubuntu run `32660386715` recreated two loop-backed ext4 filesystems and passed immutable activation, write placement, pause/resume, worker restart recovery, verification, retirement, unchanged namespace, and hashes; wipe remains intentionally independent and capability-gated",,None identified,,"Implement and prove: Prove add, assign, activate, prefer, drain, verify, read-only, retire, and optional reuse/wipe behavior."
LIFE-13,P1,Guided disk onboarding lifecycle,LIFE-12,VERIFIED,"SOFTWARE VERIFIED — browser E2E follows a detected data-bearing ext4 disk through honest used/foreign classification, Import existing data, preserve-data immutable review, no partition/filesystem creation, no destructive consent, durable apply, refresh/recovery, and the stable `/data/media` namespace; loading/error/Activity behavior and backend invariants remain covered",See roadmap acceptance evidence,,,None identified,,None; preserve with regression coverage
LIFE-14,P1,Provider-aware failed-disk replacement,LIFE-13,VERIFIED IN ISOLATION,"VERIFIED IN ISOLATION — SnapRAID, ZFS, and Linux MD share authenticated immutable review, exact destructive consent, stable replacement identity, live provider identity/topology revalidation, durable Activity phases, existing-data evidence, and a real Storage UI. Browser E2E now proves degraded Linux MD RAID5 replacement review binds the exact array UUID, data-bearing replacement warning, `I AGREE`, durable progress and succeeded result; hosted Ubuntu loop runs preserve hashes and pool/array identity. Physical-vendor certification remains separate",See roadmap acceptance evidence,,,Matching physical provider/hardware execution,,"Implement and prove: Rebuild a failed member without changing the Storage Group namespace, using provider-specific recovery rather than a generic format action."
DRAIN-01,P1,Drain plan and preflight,,VERIFIED,"SOFTWARE VERIFIED — planner/API/UI, adversarial tests, and Linux CI pass",See roadmap acceptance evidence,"SOFTWARE VERIFIED — planner/API/UI, adversarial tests, and Linux CI pass",,None identified,,None; preserve with regression coverage
DRAIN-02,P1,Remove source from new-write placement,DRAIN-01,VERIFIED,SOFTWARE VERIFIED — atomic idempotent placement exclusion with operation/plan ownership,,,,None identified,,None; preserve with regression coverage
DRAIN-03,P1,Optional source read-only enforcement,DRAIN-02,VERIFIED IN ISOLATION,"VERIFIED IN ISOLATION — exact-mount capability gate, fail-closed remount/readback, failure-safe restoration, and final read-only state executed on disposable Ubuntu ext4",,,,None identified,,Implement and prove: Apply and verify read-only behavior only where the selected workflow supports it safely.
DRAIN-04,P1,Checkpointed mover,DRAIN-03,VERIFIED IN ISOLATION,"VERIFIED IN ISOLATION — descriptor-relative no-follow copy, atomic no-replace publish, durable per-file checkpoints on loop-backed ext4",,,,None identified,,Implement and prove: Copy through durable checkpoints and temporary destinations without deleting the verified source.
DRAIN-05,P1,Capacity and destination-health gates,DRAIN-04,VERIFIED,"SOFTWARE VERIFIED — preflight and execution revalidate capacity, health, paths, stable identity, and filesystem identity",,,,None identified,,None; preserve with regression coverage
DRAIN-06,P1,ARR active-write awareness and windows,DRAIN-05,VERIFIED,SOFTWARE VERIFIED — ARR write-sensitive preflight/runtime pauses plus fresh-per-resume maintenance windows implemented; broader provider activity coverage remains under MEDIA-04,,,,None identified,,None; preserve with regression coverage
DRAIN-07,P1,"Pause, resume, and restart recovery",DRAIN-06,VERIFIED IN ISOLATION,VERIFIED IN ISOLATION — UI/API pause/resume plus manifest-preserving stale-worker recovery executed on Linux,See roadmap acceptance evidence,,,None identified,,"Implement and prove: Persist resumable state across cancellation boundaries, browser loss, worker restart, and service restart."
DRAIN-08,P1,Bandwidth and scheduling controls,DRAIN-07,VERIFIED IN ISOLATION,"VERIFIED IN ISOLATION — durable scheduling/windows, bounded single-mover concurrency, 16 MiB/s rate limit, and temporary background `ionice` policy with worker-default restoration executed on disposable Ubuntu ext4",,,,None identified,,"Implement and prove: Enforce bounded concurrency, bandwidth, IO priority, and operator scheduling."
DRAIN-09,P1,Verification modes,DRAIN-08,VERIFIED IN ISOLATION,"VERIFIED IN ISOLATION — FAST, BLAKE3 ACCURATE, and two-pass BLAKE3 PARANOID are implemented with SHA-256 compatibility for existing immutable jobs; ACCURATE BLAKE3 executed on disposable Ubuntu ext4 with independent SHA-256 before/after evidence",,,,None identified,,"Implement and prove: Implement FAST, ACCURATE/BLAKE3 where available, and PARANOID full-read verification with explicit evidence."
DRAIN-10,P1,Finalize and namespace reconciliation,DRAIN-09,VERIFIED IN ISOLATION,"VERIFIED IN ISOLATION — verified-only deletion, read-only/retired transitions, unchanged namespace and hashes executed on Linux",,,,None identified,,Implement and prove: Remove/decommission only after verification and preserve stable ARR/share paths.
DRAIN-11,P1,Drain reports and cost UX,DRAIN-10,VERIFIED IN ISOLATION,"VERIFIED IN ISOLATION — real phases/files/bytes/rate/ETA plus durable algorithm, verification-pass, elapsed-time, measured-average, bandwidth, I/O-priority, namespace, and cleanup evidence executed on disposable Ubuntu ext4 and exposed in the final UI report",See roadmap acceptance evidence,,,None identified,,"Implement and prove: Show files/bytes/errors, checkpoints, verification evidence, and measured/estimated CPU and IO cost."
DRAIN-12,P1,Drain failure matrix,DRAIN-11,VERIFIED IN ISOLATION,"VERIFIED IN ISOLATION — Linux CI `32658020249` covers disappearing roots and BLAKE3 mismatch; capacity/full, identity, collision, ARR conflict, pause/resume, and worker-crash recovery are covered, while the disposable ext4 lifecycle remains evidenced by storage run `32658020275`",,"VERIFIED IN ISOLATION — Linux CI `32658020249` covers disappearing roots and BLAKE3 mismatch; capacity/full, identity, collision, ARR conflict, pause/resume, and worker-crash recovery are covered, while the disposable ext4 lifecycle remains evidenced by storage run `32658020275`",,None identified,,"Implement and prove: Test full destination, disappearing source/destination, ARR conflict, checksum failure, pause/resume, and worker crash."
EXPAND-01,P1,Expansion discovery trigger,,VERIFIED,SOFTWARE VERIFIED — snapshot-bound read-only assessment excludes assigned/retired/stale/system disks and refreshes automatically after discovery,,,,None identified,,None; preserve with regression coverage
EXPAND-02,P1,Current-state analysis,EXPAND-01,VERIFIED,"SOFTWARE VERIFIED — groups/backends/health, namespace capacity, distinct-member utilization spread, configured parity, and pool/tier capabilities are reported; a unique logical-storage mapping now correlates bounded persisted capacity history into an evidence-based forecast and reports ambiguity/insufficient history honestly",,,,None identified,,None; preserve with regression coverage
EXPAND-03,P1,mergerFS and SnapRAID candidates,EXPAND-02,VERIFIED IN ISOLATION,"VERIFIED IN ISOLATION — bounded SnapRAID discovery maps an exact config to mergerFS branches; role/digest-bound data and parity additions preserve correct capacity semantics and failure state; hosted Ubuntu run `32660386715` added a real loop-backed data member, then a second parity level with the required full rebuild, and independently verified synchronized status",,"VERIFIED IN ISOLATION — bounded SnapRAID discovery maps an exact config to mergerFS branches; role/digest-bound data and parity additions preserve correct capacity semantics and failure state; hosted Ubuntu run `32660386715` added a real loop-backed data member, then a second parity level with the required full rebuild, and independently verified synchronized status",,None identified,,"Implement and prove: Generate add-member, data-disk, and parity-expansion candidates with restrictions."
EXPAND-04,P1,"ZFS, new-pool, cache, reserve, and Linux MD candidates",EXPAND-03,VERIFIED IN ISOLATION,"VERIFIED IN ISOLATION — matched mirror/RAIDZ1/2/3 pools, download tiers, reserve/release, matching-vdev ZFS expansion, and exact new Linux MD RAID1/5/6/10 candidates are implemented. MD capacity uses matched member capacity and level-specific formulas, odd RAID10 is rejected, and no generic MD reshape is promised. Hosted Ubuntu ZFS execution preserved the pool GUID; unavailable or ambiguous capabilities remain fail-closed",See roadmap acceptance evidence,,,None identified,,Implement and prove: Generate supported vdev/pool/tier/reserve/array choices without inventing executable capability.
EXPAND-05,P1,Capacity and protection calculations,EXPAND-04,VERIFIED,"SOFTWARE VERIFIED — candidate-specific raw/usable methodology, protection, restrictions, and migration work rendered in UI",See roadmap acceptance evidence,,,None identified,,None; preserve with regression coverage
EXPAND-06,P1,Guided and Advanced expansion wizard,EXPAND-05,VERIFIED,"SOFTWARE VERIFIED — browser E2E proves snapshot-bound mergerFS, RAIDZ2, and Linux MD RAID10 choices open the real wizard with the complete disk set and exact selected geometry; existing ZFS expansion exposes the exact pool, mount, new members, and immutable matching geometry",See roadmap acceptance evidence,,,None identified,,None; preserve with regression coverage
EXPAND-07,P1,Immutable expansion apply,EXPAND-06,VERIFIED,"SOFTWARE VERIFIED — every candidate carries candidate/disk/target/configuration/snapshot bindings; browser E2E proves exact candidate selection survives review and durable mergerFS reconciliation, while Linux MD plans reject altered level/member count and existing ZFS revalidates live GUID and canonical topology before irreversible execution",See roadmap acceptance evidence,,,None identified,,None; preserve with regression coverage
EXPAND-08,P1,Expansion tests,EXPAND-07,VERIFIED IN ISOLATION,"VERIFIED IN ISOLATION — deterministic planner/API/browser tests cover mixed sizes, subset selection, critical-health exclusion, parity needs, ZFS geometry restrictions, stale discovery, unsupported tools, system/existing-data exclusion, targeting and reservation conflicts; hosted Ubuntu runs `32660386715`, `32661927103`, and `32672472428` execute SnapRAID data/parity, matching-vdev ZFS and the extended loop-backed expansion matrix on disposable storage",See roadmap acceptance evidence,"VERIFIED IN ISOLATION — deterministic planner/API/browser tests cover mixed sizes, subset selection, critical-health exclusion, parity needs, ZFS geometry restrictions, stale discovery, unsupported tools, system/existing-data exclusion, targeting and reservation conflicts; hosted Ubuntu runs `32660386715`, `32661927103`, and `32672472428` execute SnapRAID data/parity, matching-vdev ZFS and the extended loop-backed expansion matrix on disposable storage",,None identified,,"Implement and prove: Cover mixed sizes, health blockers, parity needs, ZFS restrictions, stale discovery, and unsupported tools."
IMPORT-01,P2,Foreign signature detection,,VERIFIED,"SOFTWARE VERIFIED — authenticated assessment recognizes persisted ext4/XFS/Btrfs/NTFS/exFAT and MD/LVM/ZFS member signatures, groups stable member UUIDs, and applies the reviewed Synology/QNAP/generic-NAS evidence adapters from IMPORT-07; weak or incomplete evidence intentionally reports origin as Not reported",See roadmap acceptance evidence,,,None identified,,None; preserve with regression coverage
IMPORT-02,P2,Read-only foreign safety and confidence,IMPORT-01,VERIFIED IN ISOLATION,"VERIFIED IN ISOLATION — standalone filesystems have immutable snapshot/device/signature-bound previews, exact approval, typed privileged execution, fresh identity/signature/activation checks, provider-specific no-recovery read-only mounts, verified `findmnt` evidence, bounded no-symlink inventory, guaranteed detach, durable Activity reports, API/UI/browser states, and adversarial tests; Ubuntu run `32674912616` executed the production path on a disposable ext4 loop and retained evidence for read-only access, two files, zero read errors, no mutation, no persistent/remaining mount, private-path removal, and a succeeded journal",See roadmap acceptance evidence,"VERIFIED IN ISOLATION — standalone filesystems have immutable snapshot/device/signature-bound previews, exact approval, typed privileged execution, fresh identity/signature/activation checks, provider-specific no-recovery read-only mounts, verified `findmnt` evidence, bounded no-symlink inventory, guaranteed detach, durable Activity reports, API/UI/browser states, and adversarial tests; Ubuntu run `32674912616` executed the production path on a disposable ext4 loop and retained evidence for read-only access, two files, zero read errors, no mutation, no persistent/remaining mount, private-path removal, and a succeeded journal",,None identified,,Implement and prove: Default foreign media to non-destructive read-only inspection with evidence-based type/origin confidence.
IMPORT-03,P2,MD/LVM/ZFS foreign assembly preview,IMPORT-02,VERIFIED IN ISOLATION,"VERIFIED IN ISOLATION — immutable snapshot/member/signature-bound reviews use `mdadm --examine --export`, LVM `--readonly --foreign --devices`, or offline `zdb -l` probes; MD/LVM completeness is reported only from provider evidence, ZFS mountability and inactive-stack health remain honestly Not reported, activation/import commands are absent, the authenticated API is scoped/audited, and the real Storage UI/browser flow exposes no activation control. Ubuntu 24.04 run `32676211243` executed stopped RAID6, inactive two-PV LVM, and exported four-member ZFS profiles on disposable loops, proving complete MD/LVM membership, stable ZFS pool identity, zero activation, and zero preview mutation.",See roadmap acceptance evidence,"VERIFIED IN ISOLATION — immutable snapshot/member/signature-bound reviews use `mdadm --examine --export`, LVM `--readonly --foreign --devices`, or offline `zdb -l` probes; MD/LVM completeness is reported only from provider evidence, ZFS mountability and inactive-stack health remain honestly Not reported, activation/import commands are absent, the authenticated API is scoped/audited, and the real Storage UI/browser flow exposes no activation control. Ubuntu 24.04 run `32676211243` executed stopped RAID6, inactive two-PV LVM, and exported four-member ZFS profiles on disposable loops, proving complete MD/LVM membership, stable ZFS pool identity, zero activation, and zero preview mutation.",,None identified,,Implement and prove: Identify members and mountability without activating or importing automatically.
IMPORT-04,P2,Unraid disk and parity classification,IMPORT-03,VERIFIED IN ISOLATION,"VERIFIED IN ISOLATION — a bounded read-only Unraid runtime-state exporter and persisted assignment-provenance model match exact stable serial/WWN identity, expose authenticated/audited load/replace/forget APIs and a real Storage UI, reject role/slot/identity conflicts, identify assignment-backed data/parity, keep compatible standalone filesystems only suspected data, keep filesystem-free capacity evidence only suspected parity, and never claim parity validity or reuse; hosted Ubuntu run `32677914796` classified two disposable loops with identified data/parity roles and preserved suspected-only semantics without assignment evidence",See roadmap acceptance evidence,"VERIFIED IN ISOLATION — a bounded read-only Unraid runtime-state exporter and persisted assignment-provenance model match exact stable serial/WWN identity, expose authenticated/audited load/replace/forget APIs and a real Storage UI, reject role/slot/identity conflicts, identify assignment-backed data/parity, keep compatible standalone filesystems only suspected data, keep filesystem-free capacity evidence only suspected parity, and never claim parity validity or reuse; hosted Ubuntu run `32677914796` classified two disposable loops with identified data/parity roles and preserved suspected-only semantics without assignment evidence",,None identified,,"Implement and prove: Recognize independent data disks and distinguish identified, suspected, and unknown parity."
IMPORT-05,P2,Unraid read-only inventory,IMPORT-04,VERIFIED,"SOFTWARE VERIFIED — each independently readable data candidate exposes its filesystem, stable member, capacity, evidence warnings/blockers, and honest Not reported health before a bounded read-only inspection; successful executor reports persist in Activity and reappear in the real Storage UI with file/byte counts, largest file, extensions, collisions, errors, and completion time, while a changed hardware snapshot marks the report stale rather than silently reusing it; real browser coverage proves report reconstruction after closing the live result, and Ubuntu executor evidence exists for the same production read-only filesystem path",See roadmap acceptance evidence,,,None identified,,None; preserve with regression coverage
IMPORT-06,P2,Unraid migration engine,IMPORT-05,VERIFIED IN ISOLATION,"VERIFIED IN ISOLATION — migration preview requires a current complete error-free read-only inventory, refuses parity, binds stable source evidence and an active managed destination, revalidates identity/signature/free space, mounts privately read-only, checkpoints each file, preserves relative paths, stops before overwriting or optionally reuses only identical files, verifies with BLAKE3 or size/mtime, supports pause/resume and stale-worker recovery, retains the source, and exposes real progress/reporting in Activity and Storage; hosted Ubuntu run `32680220818` executed the production path on a disposable ext4 loop, recovered a verified stale private mount, refused a collision, matched source/destination hashes, verified every entry, detached the source, and retained evidence SHA-256 `3C04FF39E9715276E5B6530E410C2F8D4E2D5E8966676BFD4BEEC7C8B360AA70`",,"VERIFIED IN ISOLATION — migration preview requires a current complete error-free read-only inventory, refuses parity, binds stable source evidence and an active managed destination, revalidates identity/signature/free space, mounts privately read-only, checkpoints each file, preserves relative paths, stops before overwriting or optionally reuses only identical files, verifies with BLAKE3 or size/mtime, supports pause/resume and stale-worker recovery, retains the source, and exposes real progress/reporting in Activity and Storage; hosted Ubuntu run `32680220818` executed the production path on a disposable ext4 loop, recovered a verified stale private mount, refused a collision, matched source/destination hashes, verified every entry, detached the source, and retained evidence SHA-256 `3C04FF39E9715276E5B6530E410C2F8D4E2D5E8966676BFD4BEEC7C8B360AA70`",,None identified,,"Implement and prove: Preserve relative paths, resolve collisions explicitly, verify copies, and never claim unproven parity reuse."
IMPORT-07,P2,"Synology, QNAP, and generic NAS profiles",IMPORT-06,VERIFIED,"SOFTWARE VERIFIED — generic Linux MD/LVM/ZFS stacks retain their real provider identity without a vendor guess; a bounded read-only source exporter, strict evidence schema, audited API and Storage UI identify Synology DSM, QNAP QTS/QuTS, or Generic Linux NAS only when every candidate member matches the source runtime export by stable identity; partial, ambiguous, duplicate, marker-conflicting, and Unraid-conflicting evidence fails closed to Not reported; hosted regression run `32689415751` passed",See roadmap acceptance evidence,"SOFTWARE VERIFIED — generic Linux MD/LVM/ZFS stacks retain their real provider identity without a vendor guess; a bounded read-only source exporter, strict evidence schema, audited API and Storage UI identify Synology DSM, QNAP QTS/QuTS, or Generic Linux NAS only when every candidate member matches the source runtime export by stable identity; partial, ambiguous, duplicate, marker-conflicting, and Unraid-conflicting evidence fails closed to Not reported; hosted regression run `32689415751` passed",,None identified,,None; preserve with regression coverage
IMPORT-08,P2,Archive source discovery,IMPORT-07,VERIFIED,"SOFTWARE VERIFIED — persisted removable/USB/MMC/SD/FireWire evidence classifies an external source without mounting it; Storage presents Archive Intake and keeps formatting/automatic mount disabled; backend, component, build, and Chromium coverage pass",,,,None identified,,None; preserve with regression coverage
IMPORT-09,P2,Archive preview analysis,IMPORT-08,VERIFIED,"SOFTWARE VERIFIED — the durable bounded read-only inventory reports files/bytes/largest item/time extrema/extensions/errors/case and Unicode collisions, top-level entries and permission-anomaly counts; reviewed migration capacity remains bound to the inventory total and managed-destination reserve",,,,None identified,,None; preserve with regression coverage
IMPORT-10,P2,Archive selection and filters,IMPORT-09,VERIFIED,"SOFTWARE VERIFIED — immutable schema-v2 plans support everything, explicit top-level selections, extension filters, and relative include/exclude patterns; traversal/control characters and unbounded inputs fail closed, the UI exposes only real inventory entries, and the worker rebuilds the source inventory and exact selected capacity before copying",See roadmap acceptance evidence,,,None identified,,None; preserve with regression coverage
IMPORT-11,P2,Archive durable intake and report,IMPORT-10,VERIFIED IN ISOLATION,"VERIFIED IN ISOLATION — the production worker checkpoints only reviewed selections, proves exact capacity before the first write, preserves relative paths, stops/reuses collisions explicitly, verifies content, supports pause/resume/restart, retains the source and records selection plus manifest totals in Activity; hosted Ubuntu run `32681808734` executed full and selected-folder copies on a disposable read-only ext4 loop, copied only `Movies/sample.mkv` for the selection, and retained evidence SHA-256 `71D476563231D6F8C62B62AD141022D7169BD8016A7DC667118F6049EB6B502B`",,"VERIFIED IN ISOLATION — the production worker checkpoints only reviewed selections, proves exact capacity before the first write, preserves relative paths, stops/reuses collisions explicitly, verifies content, supports pause/resume/restart, retains the source and records selection plus manifest totals in Activity; hosted Ubuntu run `32681808734` executed full and selected-folder copies on a disposable read-only ext4 loop, copied only `Movies/sample.mkv` for the selection, and retained evidence SHA-256 `71D476563231D6F8C62B62AD141022D7169BD8016A7DC667118F6049EB6B502B`",,None identified,,"Implement and prove: Copy, checkpoint, verify, resolve collisions, and produce a final manifest/report."
IMPORT-12,P2,Foreign/import integration tests,IMPORT-11,VERIFIED IN ISOLATION,"VERIFIED IN ISOLATION — deterministic tests cover malformed/ambiguous layouts, signature drift, unexpected read-write state, detach failure, bounded inventory, symlink exclusion, authorization/idempotency, collision refusal and restart recovery; hosted Ubuntu CI `32681808664` injects an explicit source-read failure through the production safe copier, proves no destination file is published and the durable operation resumes, while isolated run `32681808734` proves real ext4 inspection/migration, Unraid classification, source retention, exact hashes, selected-folder exclusion, pause/resume, stale-mount recovery and final detach",,"VERIFIED IN ISOLATION — deterministic tests cover malformed/ambiguous layouts, signature drift, unexpected read-write state, detach failure, bounded inventory, symlink exclusion, authorization/idempotency, collision refusal and restart recovery; hosted Ubuntu CI `32681808664` injects an explicit source-read failure through the production safe copier, proves no destination file is published and the durable operation resumes, while isolated run `32681808734` proves real ext4 inspection/migration, Unraid classification, source retention, exact hashes, selected-folder exclusion, pause/resume, stale-mount recovery and final detach",,None identified,,"Implement and prove: Exercise disposable filesystems, Unraid-like disks, malformed layouts, collisions, read errors, and restart recovery."
HW-01,P1,SMART short/long orchestration,,VERIFIED,"SOFTWARE VERIFIED — bounded `smartctl -j -c` capability detection exposes supported/unsupported/not-reported plus drive-reported durations. Storage provides exact Run Short Test and Run Long Test controls; browser E2E proves short/extended immutable plans, non-destructive consent behavior, drive-reported duration/source and durable Activity history. The live bench correctly disables both because passthrough support is Not reported; physical execution remains HW-16",See roadmap acceptance evidence,"SOFTWARE VERIFIED — bounded `smartctl -j -c` capability detection exposes supported/unsupported/not-reported plus drive-reported durations. Storage provides exact Run Short Test and Run Long Test controls; browser E2E proves short/extended immutable plans, non-destructive consent behavior, drive-reported duration/source and durable Activity history. The live bench correctly disables both because passthrough support is Not reported; physical execution remains HW-16",,Matching physical provider/hardware execution,,None; preserve with regression coverage
HW-02,P1,Capability-aware sanitization reports,,VERIFIED,"SOFTWARE VERIFIED — Advanced Drive Maintenance distinguishes metadata-only clear from user-data sanitization; HDD overwrite requires rotational classification; direct ATA, NVMe SANICAP, and exact SCSI SANITIZE service-action probes gate native methods while USB/UAS paths fail closed; NVMe completion is polled from sanitize-log rather than inferred from command acceptance; fresh stable identity, active-use exclusion and exact approval precede execution; success/failure reports persist capability and verification evidence in Activity; focused API/executor/parser/UI tests pass, while physical execution remains HW-16",See roadmap acceptance evidence,"SOFTWARE VERIFIED — Advanced Drive Maintenance distinguishes metadata-only clear from user-data sanitization; HDD overwrite requires rotational classification; direct ATA, NVMe SANICAP, and exact SCSI SANITIZE service-action probes gate native methods while USB/UAS paths fail closed; NVMe completion is polled from sanitize-log rather than inferred from command acceptance; fresh stable identity, active-use exclusion and exact approval precede execution; success/failure reports persist capability and verification evidence in Activity; focused API/executor/parser/UI tests pass, while physical execution remains HW-16",,Matching physical provider/hardware execution,,None; preserve with regression coverage
HW-03,P1,Full physical topology model,,VERIFIED,"SOFTWARE VERIFIED — the normalized graph preserves PCI BDF controller identity separately from the SAS host and connects port, PHY, expander, path, enclosure, confirmed/inferred/unknown bay, stable drive, filesystem, pool/share and Storage Group. A browser regression renders the complete chain; physical execution remains HW-16",See roadmap acceptance evidence,,,Matching physical provider/hardware execution,,None; preserve with regression coverage
HW-04,P1,Standards-first SCSI/SAS discovery,,VERIFIED,"SOFTWARE VERIFIED — the unprivileged detector reads cached binary VPD `0x80`/`0x83` pages directly from sysfs, separates logical-unit identity from target-port identity, and fails closed on conflicts/truncation; bounded read-only joined SES/AES and SMP providers correlate reported enclosure slots, SAS addresses, expander phys and link state without guessing; HCTL, PCI BDF, SAS transport and stable identity evidence are retained through the topology API and Advanced UI; 47 focused backend, 27 detector and 3 component tests pass, while matching physical execution remains HW-16",See roadmap acceptance evidence,"SOFTWARE VERIFIED — the unprivileged detector reads cached binary VPD `0x80`/`0x83` pages directly from sysfs, separates logical-unit identity from target-port identity, and fails closed on conflicts/truncation; bounded read-only joined SES/AES and SMP providers correlate reported enclosure slots, SAS addresses, expander phys and link state without guessing; HCTL, PCI BDF, SAS transport and stable identity evidence are retained through the topology API and Advanced UI; 47 focused backend, 27 detector and 3 component tests pass, while matching physical execution remains HW-16",,Matching physical provider/hardware execution,,None; preserve with regression coverage
HW-05,P1,SES enclosure provider,,VERIFIED,"SOFTWARE VERIFIED — bounded read-only `sg_ses --json` collection normalizes stable logical enclosure identity, health, slots, temperature, fan RPM/count, PSU and voltage state, locate/fault state, expander state and independent enclosure-path count; persistent telemetry and the Health UI retain explicit Not reported semantics, with parser/provider/API/UI regression coverage; matching physical shelves remain HW-16",See roadmap acceptance evidence,,,Matching physical provider/hardware execution,,None; preserve with regression coverage
HW-06,P1,Bay mapping evidence and confidence,,VERIFIED,"SOFTWARE VERIFIED — discovery, topology API, enclosure map and drive detail retain evidence source/time and render Confirmed, Inferred, or Not reported; direct sysfs and browser tests pass; physical identify-light certification remains HW-16",See roadmap acceptance evidence,"SOFTWARE VERIFIED — discovery, topology API, enclosure map and drive detail retain evidence source/time and render Confirmed, Inferred, or Not reported; direct sysfs and browser tests pass; physical identify-light certification remains HW-16",,Matching physical provider/hardware execution,,None; preserve with regression coverage
HW-07,P1,SAS PHY/link telemetry,,VERIFIED,SOFTWARE VERIFIED — Linux SAS transport collector and physical topology share stable SAS-address/PHY identity; bounded parsers preserve reported rates/counters and Not reported semantics with deterministic tests; physical provider validation remains HW-16,,SOFTWARE VERIFIED — Linux SAS transport collector and physical topology share stable SAS-address/PHY identity; bounded parsers preserve reported rates/counters and Not reported semantics with deterministic tests; physical provider validation remains HW-16,,Matching physical provider/hardware execution,,None; preserve with regression coverage
HW-08,P1,Slow-link interpretation,,VERIFIED,SOFTWARE VERIFIED — live topology exposes negotiated versus capable rates and uses evidence-aware guidance that explicitly allows a legitimate lower-rate device/intermediate link; fixture and browser coverage pass; physical layer-by-layer certification remains HW-16,See roadmap acceptance evidence,,,Matching physical provider/hardware execution,,None; preserve with regression coverage
HW-09,P1,Live topology UI,,VERIFIED,"SOFTWARE VERIFIED — real controller/port/PHY/expander/path/enclosure/bay/disk/logical relationships, honest missing data, rate rails, bay confidence, drive details, health tests, managed lifecycle routing, and identity-safe Locate are connected to backend behavior. Browser execution found and corrected nested-grid clipping that hid deep nodes; the full chain is now visible. Physical enclosure execution remains HW-16",See roadmap acceptance evidence,"SOFTWARE VERIFIED — real controller/port/PHY/expander/path/enclosure/bay/disk/logical relationships, honest missing data, rate rails, bay confidence, drive details, health tests, managed lifecycle routing, and identity-safe Locate are connected to backend behavior. Browser execution found and corrected nested-grid clipping that hid deep nodes; the full chain is now visible. Physical enclosure execution remains HW-16",,Matching physical provider/hardware execution,,None; preserve with regression coverage
HW-10,P1,Planning topology UI and templates,,VERIFIED,"SOFTWARE VERIFIED — migration 0014 persists revisioned future-layout documents separately from live discovery and expected-topology baselines; the authenticated API and Advanced Storage UI create generic 8/12/24-bay and dual-path shelf layouts, render declared chassis/controller/enclosure/bay relationships, and record exact planned additions or stable-identity retirements; server validation rejects stale revisions, unknown references, duplicate/out-of-range bays and identity-free retirement; 36 focused API/migration tests, 6 focused component tests, production build and a real Chromium create/edit workflow pass",See roadmap acceptance evidence,"SOFTWARE VERIFIED — migration 0014 persists revisioned future-layout documents separately from live discovery and expected-topology baselines; the authenticated API and Advanced Storage UI create generic 8/12/24-bay and dual-path shelf layouts, render declared chassis/controller/enclosure/bay relationships, and record exact planned additions or stable-identity retirements; server validation rejects stale revisions, unknown references, duplicate/out-of-range bays and identity-free retirement; 36 focused API/migration tests, 6 focused component tests, production build and a real Chromium create/edit workflow pass",,None identified,,None; preserve with regression coverage
HW-11,P1,Contextual hardware actions,,VERIFIED,"SOFTWARE VERIFIED — topology drive details route unassigned media into real health-test, import, and setup workflows; managed media routes to the Storage Group lifecycle for drain/read-only/retire/decommission; ZFS, Linux MD, and SnapRAID replacements use their technology-aware immutable workflows; HIGH-confidence enclosure mappings expose a bounded Locate action whose worker revalidates drive/slot identity, queries the exact SES slot read-only, sends only allowlisted structured commands, and schedules a durable non-cancellable clear; physical LED execution remains HW-16",,"SOFTWARE VERIFIED — topology drive details route unassigned media into real health-test, import, and setup workflows; managed media routes to the Storage Group lifecycle for drain/read-only/retire/decommission; ZFS, Linux MD, and SnapRAID replacements use their technology-aware immutable workflows; HIGH-confidence enclosure mappings expose a bounded Locate action whose worker revalidates drive/slot identity, queries the exact SES slot read-only, sends only allowlisted structured commands, and schedules a durable non-cancellable clear; physical LED execution remains HW-16",,Matching physical provider/hardware execution,,None; preserve with regression coverage
HW-12,P1,Expected topology declarations,,VERIFIED,"SOFTWARE VERIFIED — the Storage UI can explicitly save or replace the latest immutable scan as one named active baseline, shows the tracked facts, and can stop monitoring; migration 0013 persists expected controllers, enclosures, paths, drives, confirmed locations and reported rates separately from every subsequent observation; authenticated API, CSRF, audit, migration, service and component tests pass",See roadmap acceptance evidence,"SOFTWARE VERIFIED — the Storage UI can explicitly save or replace the latest immutable scan as one named active baseline, shows the tracked facts, and can stop monitoring; migration 0013 persists expected controllers, enclosures, paths, drives, confirmed locations and reported rates separately from every subsequent observation; authenticated API, CSRF, audit, migration, service and component tests pass",,None identified,,None; preserve with regression coverage
HW-13,P1,Topology drift events and annotations,,VERIFIED,"SOFTWARE VERIFIED — every completed backend hardware scan reconciles the active baseline without a browser, opens one durable episode for missing/new controllers, enclosures and paths, missing drives, moved bays and negotiated-rate degradation, updates rather than duplicates repeated observations, and resolves the episode after recovery; the Storage UI distinguishes active and resolved history with honest severities; 48 backend/API/migration/worker plus 6 focused UI tests and production build pass; graph annotations and physical shelf execution remain provider-validation work",See roadmap acceptance evidence,"SOFTWARE VERIFIED — every completed backend hardware scan reconciles the active baseline without a browser, opens one durable episode for missing/new controllers, enclosures and paths, missing drives, moved bays and negotiated-rate degradation, updates rather than duplicates repeated observations, and resolves the episode after recovery; the Storage UI distinguishes active and resolved history with honest severities; 48 backend/API/migration/worker plus 6 focused UI tests and production build pass; graph annotations and physical shelf execution remain provider-validation work",,Matching physical provider/hardware execution,,None; preserve with regression coverage
HW-14,P1,Sanitized real-hardware fixtures,,VERIFIED,"SOFTWARE VERIFIED — sanitized mixed-HBA/two-shelf fixture preserves controller PCI identity, transport, expander/path chain, 3/6/12 Gb/s observations, PHY counters, confirmed, inferred and explicitly unknown bays without real serials/host names; backend and actual browser topology regressions pass. Physical certification remains HW-16",See roadmap acceptance evidence,,,Matching physical provider/hardware execution,,None; preserve with regression coverage
HW-15,P1,Malformed-provider and regression tests,,VERIFIED,"SOFTWARE VERIFIED — adversarial fixtures cover truncated/invalid VPD, conflicting VPD versus udev identity, unidentified/oversized/malformed SMP, incomplete and joined SES/AES shapes, untrusted hardware metadata, missing sysfs facts, provider timeout/absence, and counter resets; collectors preserve `not_reported` or `temporarily_unavailable` instead of zero or inferred identity; focused backend/detector/UI regressions pass",See roadmap acceptance evidence,,,None identified,,None; preserve with regression coverage
HW-16,P1,Physical provider certification profiles,,PHYSICAL VALIDATION PENDING,"HARDWARE VALIDATION PENDING — providers, capability gates and sanitized fixtures are complete, but the attached Cisco SSDs remain explicitly read-only/unmodified and matching SAS2308/SAS3008, DS424IOM6/DS224IOM6 and vendor-firmware execution has not been authorized or completed",,,,Matching physical provider/hardware execution,"HARDWARE VALIDATION PENDING — providers, capability gates and sanitized fixtures are complete, but the attached Cisco SSDs remain explicitly read-only/unmodified and matching SAS2308/SAS3008, DS424IOM6/DS224IOM6 and vendor-firmware execution has not been authorized or completed",Execute matching physical certification without protected disks
BACKUP-01,P2,Remote backup target model,,VERIFIED,"SOFTWARE VERIFIED — migration 0017, normalized model/API, bounded history list and focused backend tests pass; hosted live-MinIO execution is tracked by VALID-04",,"SOFTWARE VERIFIED — migration 0017, normalized model/API, bounded history list and focused backend tests pass; hosted live-MinIO execution is tracked by VALID-04",,None identified,,None; preserve with regression coverage
BACKUP-02,P2,Backup credential handling,BACKUP-01,VERIFIED,"SOFTWARE VERIFIED — credentials are encrypted and redacted; endpoint resolution fails closed; unsafe private/HTTP use requires explicit approval; rotation refuses active work, invalidates prior connection proof, disables schedules, requires retest, and removes replacements from the DOM",,"SOFTWARE VERIFIED — credentials are encrypted and redacted; endpoint resolution fails closed; unsafe private/HTTP use requires explicit approval; rotation refuses active work, invalidates prior connection proof, disables schedules, requires retest, and removes replacements from the DOM",,None identified,,None; preserve with regression coverage
BACKUP-03,P2,S3-compatible providers,BACKUP-02,VERIFIED IN ISOLATION,"VERIFIED IN ISOLATION — one production boto3 contract and provider-specific endpoint policy cover all declared providers; Ubuntu 24.04 CI run `32685417436` used a live disposable MinIO service and the production durable worker to write, remotely verify, download, and restore-validate a real archive; external commercial-provider credentials remain unavailable certification inputs",,"VERIFIED IN ISOLATION — one production boto3 contract and provider-specific endpoint policy cover all declared providers; Ubuntu 24.04 CI run `32685417436` used a live disposable MinIO service and the production durable worker to write, remotely verify, download, and restore-validate a real archive; external commercial-provider credentials remain unavailable certification inputs",,None identified,,"Implement and prove: Support MinIO, AWS S3, R2, Wasabi, B2 S3, and generic compatible endpoints through one tested contract."
BACKUP-04,P2,Multipart/resumable upload and checksums,BACKUP-03,VERIFIED,"SOFTWARE VERIFIED — durable upload ID/part checkpoints, provider part reconciliation, bounded part memory and full remote SHA-256 verification pass deterministic tests; no ETag/MD5 assumption",,"SOFTWARE VERIFIED — durable upload ID/part checkpoints, provider part reconciliation, bounded part memory and full remote SHA-256 verification pass deterministic tests; no ETag/MD5 assumption",,None identified,,None; preserve with regression coverage
BACKUP-05,P2,"Scheduling, retry, bandwidth, and history",BACKUP-04,VERIFIED,"SOFTWARE VERIFIED — durable recovery, bounded SDK retries plus 5/30/120-second durable operation backoff, 1–720 hour idempotent scheduling, MiB/s pacing, cancellation boundaries, history and reports pass deterministic tests; live provider outage/recovery execution remains VALID-04",,"SOFTWARE VERIFIED — durable recovery, bounded SDK retries plus 5/30/120-second durable operation backoff, 1–720 hour idempotent scheduling, MiB/s pacing, cancellation boundaries, history and reports pass deterministic tests; live provider outage/recovery execution remains VALID-04",,None identified,,None; preserve with regression coverage
BACKUP-06,P2,Remote restore validation,BACKUP-05,VERIFIED,"SOFTWARE VERIFIED — bounded safe extraction, full archive/manifest/database checks and authenticated durable validation are implemented; the offline apply path requires an independent digest and credential-redaction evidence, refuses a non-fresh appliance, applies atomically and retains rollback state. Live MinIO fresh-root execution is tracked by VALID-04",,,,None identified,,None; preserve with regression coverage
BACKUP-07,P2,Control-plane export,BACKUP-06,VERIFIED,"SOFTWARE VERIFIED — consistent database export includes persisted preferences/topology/integrations/add-ons plus bounded non-secret configuration files and a checksummed manifest; password verifiers/live sessions/tokens are removed, `hoardarr.env` secret keys are omitted, and encrypted integration secrets are cleared into explicit credential-reentry states",,,,None identified,,None; preserve with regression coverage
BACKUP-08,P2,Encrypted secrets and fresh-appliance restore,BACKUP-07,VERIFIED,"SOFTWARE VERIFIED — scheduled/API backups exclude secret-like files, environment secret keys, password verifiers/live sessions/tokens, encrypted credential blobs, symlinks and the secret-store key while preserving disabled re-entry configuration; a root-only console export can instead wrap the installation key with scrypt + AES-256-GCM using a passphrase read only from stdin. Fresh offline apply verifies an independent digest, refuses active services/non-fresh state, rejects missing/wrong passphrases before mutation, atomically switches database/configuration/key with rollback, and the next hardware scan reconciles the physical registry by stable identity rather than kernel path; focused service/CLI tests pass",,"SOFTWARE VERIFIED — scheduled/API backups exclude secret-like files, environment secret keys, password verifiers/live sessions/tokens, encrypted credential blobs, symlinks and the secret-store key while preserving disabled re-entry configuration; a root-only console export can instead wrap the installation key with scrypt + AES-256-GCM using a passphrase read only from stdin. Fresh offline apply verifies an independent digest, refuses active services/non-fresh state, rejects missing/wrong passphrases before mutation, atomically switches database/configuration/key with rollback, and the next hardware scan reconciles the physical registry by stable identity rather than kernel path; focused service/CLI tests pass",,Matching physical provider/hardware execution,,None; preserve with regression coverage
BACKUP-09,P2,Backup UI/API/E2E,BACKUP-08,VERIFIED IN ISOLATION,"VERIFIED IN ISOLATION — Settings target/setup/test/schedule/run/history/validation UI, Activity linkage, component tests and browser E2E pass; transient outage/resume, corruption and pre-mutation insufficient-space handling pass deterministic tests. Ubuntu CI run `32691347484` built and installed the release, created a source owner, produced an encrypted console export, stopped all Hoardarr services, restored to an independent fresh root, migrated it, proved the source owner and setup token did not transfer, created a fresh owner, restarted services and passed readiness; the same artifact is deployed on the beta bench without applying its saved storage draft",See roadmap acceptance evidence,"VERIFIED IN ISOLATION — Settings target/setup/test/schedule/run/history/validation UI, Activity linkage, component tests and browser E2E pass; transient outage/resume, corruption and pre-mutation insufficient-space handling pass deterministic tests. Ubuntu CI run `32691347484` built and installed the release, created a source owner, produced an encrypted console export, stopped all Hoardarr services, restored to an independent fresh root, migrated it, proved the source owner and setup token did not transfer, created a fresh owner, restarted services and passed readiness; the same artifact is deployed on the beta bench without applying its saved storage draft","VERIFIED IN ISOLATION — Settings target/setup/test/schedule/run/history/validation UI, Activity linkage, component tests and browser E2E pass; transient outage/resume, corruption and pre-mutation insufficient-space handling pass deterministic tests. Ubuntu CI run `32691347484` built and installed the release, created a source owner, produced an encrypted console export, stopped all Hoardarr services, restored to an independent fresh root, migrated it, proved the source owner and setup token did not transfer, created a fresh owner, restarted services and passed readiness; the same artifact is deployed on the beta bench without applying its saved storage draft",None identified,,"Implement and prove: Provide target/setup/history/restore surfaces and test outage, resume, corruption, insufficient space, and fresh restore."
AUTO-01,P2,Stable machine API and read-only tokens,,VERIFIED,"SOFTWARE VERIFIED — Monitor only tokens authorize one schema-versioned persisted summary with bounded health, groups, 256 drives, 25 jobs, 50 alerts, 128 logical-storage objects, 128 controllers, 512 paths and maintenance state; raw configuration, operation requests and secrets are excluded",,,,None identified,,None; preserve with regression coverage
AUTO-02,P2,Home Assistant summary,AUTO-01,VERIFIED,"SOFTWARE VERIFIED — `/api/v1/integrations/home-assistant/summary` accepts Monitor only tokens, caps drives/jobs/alerts, excludes requests and secrets, reports persisted-source timestamps, is documented in Settings/OpenAPI, and passes auth/schema/redaction tests",,"SOFTWARE VERIFIED — `/api/v1/integrations/home-assistant/summary` accepts Monitor only tokens, caps drives/jobs/alerts, excludes requests and secrets, reports persisted-source timestamps, is documented in Settings/OpenAPI, and passes auth/schema/redaction tests",,None identified,,None; preserve with regression coverage
AUTO-03,P2,Webhooks,AUTO-02,VERIFIED,"SOFTWARE VERIFIED — encrypted endpoints, DNS/IP revalidation, literal-IP connection pinning, HMAC-SHA256 envelopes, fixed event catalog, 32 KiB redacted payloads, per-endpoint/event deduplication, durable 30/120/600/3600-second retries, five-attempt cap, real test delivery, Settings status, API and worker delivery pass focused tests",,"SOFTWARE VERIFIED — encrypted endpoints, DNS/IP revalidation, literal-IP connection pinning, HMAC-SHA256 envelopes, fixed event catalog, 32 KiB redacted payloads, per-endpoint/event deduplication, durable 30/120/600/3600-second retries, five-attempt cap, real test delivery, Settings status, API and worker delivery pass focused tests",,None identified,,None; preserve with regression coverage
AUTO-04,P2,Prometheus integration,AUTO-03,VERIFIED,"SOFTWARE VERIFIED — authenticated and `metrics.export`-entitled export uses catalog-derived stable names, caps current samples at 5,000, emits only entity UUID/type labels, excludes hardware/user labels and secrets, and passes entitlement/cardinality/untrusted-label tests",See roadmap acceptance evidence,"SOFTWARE VERIFIED — authenticated and `metrics.export`-entitled export uses catalog-derived stable names, caps current samples at 5,000, emits only entity UUID/type labels, excludes hardware/user labels and secrets, and passes entitlement/cardinality/untrusted-label tests",,None identified,,None; preserve with regression coverage
AUTO-05,P2,Alert lifecycle,AUTO-04,VERIFIED,"SOFTWARE VERIFIED — informational, warning and critical presentation plus durable active/acknowledged/bounded-suppressed/cleared lifecycle are enforced by authenticated operate-scope APIs, audited, exposed in Analytics, and covered by state/filter/expiry/error/UI tests",See roadmap acceptance evidence,"SOFTWARE VERIFIED — informational, warning and critical presentation plus durable active/acknowledged/bounded-suppressed/cleared lifecycle are enforced by authenticated operate-scope APIs, audited, exposed in Analytics, and covered by state/filter/expiry/error/UI tests",,None identified,,None; preserve with regression coverage
AUTO-06,P2,"Alert deduplication, routing, and suppression",AUTO-05,VERIFIED,"SOFTWARE VERIFIED — durable rule/entity deduplication, hysteresis, sustained windows, path-flap detection, bounded operator suppression, signed generic-webhook routing and evidence-aware runbooks are implemented. The canonical integration is the tested generic signed webhook contract (including an operator-managed Apprise-compatible receiver); Hoardarr does not add a second unauthenticated notification protocol",,"SOFTWARE VERIFIED — durable rule/entity deduplication, hysteresis, sustained windows, path-flap detection, bounded operator suppression, signed generic-webhook routing and evidence-aware runbooks are implemented. The canonical integration is the tested generic signed webhook contract (including an operator-managed Apprise-compatible receiver); Hoardarr does not add a second unauthenticated notification protocol",,None identified,,None; preserve with regression coverage
AUTO-07,P2,Evidence-aware operational runbooks,AUTO-06,VERIFIED,"SOFTWARE VERIFIED — Analytics attaches metric/entity-aware guidance for CRC paths, pending/uncorrectable sectors, reduced storage paths, SnapRAID protection and pool/ZFS health; every runbook lists evidence and cautious actions, while unknown metrics receive no invented diagnosis",,,,None identified,,None; preserve with regression coverage
AUTO-08,P2,Automation integration tests,AUTO-07,VERIFIED,"SOFTWARE VERIFIED — token scope/schema/redaction, Prometheus bounds, alert lifecycle, transaction-level webhook deduplication, signing, secret redaction, transient outage/retry, permanent rejection and real alert open/clear routing pass deterministic tests; production delivery is additionally proven against a disposable live TCP HTTP receiver with exact body and signature verification",,"SOFTWARE VERIFIED — token scope/schema/redaction, Prometheus bounds, alert lifecycle, transaction-level webhook deduplication, signing, secret redaction, transient outage/retry, permanent rejection and real alert open/clear routing pass deterministic tests; production delivery is additionally proven against a disposable live TCP HTTP receiver with exact body and signature verification",,None identified,,None; preserve with regression coverage
MEDIA-01,P1,Graph UX coverage,,VERIFIED,"SOFTWARE VERIFIED — normalized entity and catalog selectors expose real system/storage/disk/pool/controller/path/enclosure readings, per-metric quality and Not reported semantics, bounded persistent history, graph diagnostics and controller failover annotations; component/E2E and memory lifecycle coverage pass",,,,None identified,,None; preserve with regression coverage
MEDIA-02,P1,History and compression transparency,MEDIA-01,VERIFIED,"SOFTWARE VERIFIED — Analytics shows live/recent/hourly/daily resolution and retention, automatic raw versus aggregated source, point counts/limits, aggregation method, database size/growth estimate, oldest history, cleanup schedule and entitlement state from the backend settings API",,,,None identified,,None; preserve with regression coverage
MEDIA-03,P1,Plex/Jellyfin/Emby read-only collectors,MEDIA-02,VERIFIED,"SOFTWARE VERIFIED — product-aware DNS-pinned read-only adapters collect bounded library names/types/paths and item counts through Plex/Jellyfin/Emby APIs, persist sanitized state through durable discovery, expose honest Not reported capacity until Storage Group correlation exists, and render accessible UI with provider/API/browser tests",See roadmap acceptance evidence,"SOFTWARE VERIFIED — product-aware DNS-pinned read-only adapters collect bounded library names/types/paths and item counts through Plex/Jellyfin/Emby APIs, persist sanitized state through durable discovery, expose honest Not reported capacity until Storage Group correlation exists, and render accessible UI with provider/API/browser tests",,None identified,,None; preserve with regression coverage
MEDIA-04,P1,Media-to-storage mapping confidence,MEDIA-03,VERIFIED,"SOFTWARE VERIFIED — a library maps only when its path and the Storage Group namespace both resolve locally, containment is proven, and filesystem device identity matches; the API/UI expose high confidence and source evidence while remote/container-only or ambiguous paths remain Not reported",See roadmap acceptance evidence,,,None identified,,None; preserve with regression coverage
MEDIA-05,P1,Media growth history,MEDIA-04,VERIFIED,SOFTWARE VERIFIED — the durable worker refreshes media servers without browser/API consumers and persists bounded library item-count plus locally proven Storage Group capacity/free samples into the existing raw/hourly/daily telemetry path; generic Analytics graphs and retention/query limits apply,See roadmap acceptance evidence,,,None identified,,None; preserve with regression coverage
MEDIA-06,P1,ARR active-operation awareness,MEDIA-05,VERIFIED,"SOFTWARE VERIFIED — Sonarr/Radarr/Lidarr/Readarr/Whisparr adapters combine bounded download-queue state with the upstream command queue, classify product-specific import/rename/move commands without persisting titles or paths, fail closed on incomplete command data, refresh independently of API/browser clients, and block drain preflight/execution while fresh writes remain active",See roadmap acceptance evidence,,,None identified,,None; preserve with regression coverage
MEDIA-07,P1,Filesystem-activity degraded fallback,MEDIA-06,VERIFIED,"SOFTWARE VERIFIED — drain preflight independently inspects bounded open-file use on the source, reports process/handle evidence where Linux permits it, and separately warns when ARR activity is unavailable rather than claiming filesystem evidence is equivalent; disposable Linux execution remains VALID-02",,,,None identified,,None; preserve with regression coverage
MEDIA-08,P1,Maintenance and drain windows,MEDIA-07,VERIFIED,"SOFTWARE VERIFIED — API/UI support timezone-aware delayed starts, bounded per-run/resume maintenance windows, bandwidth and I/O-priority controls; the worker pauses at the window boundary, persists checkpoints and rechecks fresh ARR activity before each file, with deterministic plan/tamper/resume coverage and isolated lifecycle evidence",See roadmap acceptance evidence,,,None identified,,None; preserve with regression coverage
MEDIA-09,P1,Guided landing-tier setup,MEDIA-08,VERIFIED,"SOFTWARE VERIFIED — the Storage page now discovers only explicitly configured `cache`/`landing` Storage Group backends, explains the empty state honestly, selects real source/destination namespaces, previews the exact transfer, and launches the durable worker; component and browser coverage exercise the user workflow",See roadmap acceptance evidence,,,None identified,,None; preserve with regression coverage
MEDIA-10,P1,Torrent and Usenet state models,MEDIA-09,VERIFIED,"SOFTWARE VERIFIED — torrent download-complete/seeding retention/manual cleanup and Usenet download/repair/unpack/verify/import/cleanup prerequisites are distinct planner states with immutable plans, durable execution, restart-safe staging, source identity revalidation, and UI explanations",See roadmap acceptance evidence,,,None identified,,None; preserve with regression coverage
MEDIA-11,P1,Tier occupancy and migration UX,MEDIA-10,VERIFIED,"SOFTWARE VERIFIED — the Storage UI reads capacity only from configured cache/landing Storage Group backends, shows exact durable queued/running byte totals, retained seeding bytes and failures, and reports drain time only after at least three measured copy/move rates; hardlinks are excluded from rate history and insufficient evidence remains Not reported",See roadmap acceptance evidence,,,None identified,,None; preserve with regression coverage
VOLUME-01,P1,Canonical logical-storage abstraction,,VERIFIED,"VERIFIED — migration 0023 persists provider-native filesystem/dataset/zvol/logical-volume/LUN identities independently of kernel device paths, enforces provider/resource/presentation/capacity constraints and parent linkage, exposes an authenticated inventory API, and has deterministic registration, invalid-input, migration, and API tests; UI and create operations remain explicitly assigned to VOLUME-03/VOLUME-04/VOLUME-11",See roadmap acceptance evidence,"VERIFIED — migration 0023 persists provider-native filesystem/dataset/zvol/logical-volume/LUN identities independently of kernel device paths, enforces provider/resource/presentation/capacity constraints and parent linkage, exposes an authenticated inventory API, and has deterministic registration, invalid-input, migration, and API tests; UI and create operations remain explicitly assigned to VOLUME-03/VOLUME-04/VOLUME-11",,None identified,,None; preserve with regression coverage
VOLUME-02,P1,Capability and constraint model,VOLUME-01,VERIFIED,"VERIFIED — migration 0024 persists timestamped provider capability observations; filesystem, ZFS dataset/zvol, LVM LV, Linux MD filesystem and iSCSI LUN profiles distinguish provider support from runtime availability for all required capabilities, reject incompatible overrides, expose bounded provider constraints and return the matrix through the authenticated volume API with deterministic unavailable/unsupported/conflict tests",,"VERIFIED — migration 0024 persists timestamped provider capability observations; filesystem, ZFS dataset/zvol, LVM LV, Linux MD filesystem and iSCSI LUN profiles distinguish provider support from runtime availability for all required capabilities, reject incompatible overrides, expose bounded provider constraints and return the matrix through the authenticated volume API with deterministic unavailable/unsupported/conflict tests",,None identified,,None; preserve with regression coverage
VOLUME-03,P1,Guided volume creation,VOLUME-01;VOLUME-02,VERIFIED,"VERIFIED — the real Storage UI offers plain media/download/archive/backup/general/VM choices only when a live ZFS pool with stable GUID is detected; immutable previews apply purpose-specific dataset/zvol defaults, capacity reserve and health gates; a durable non-cancellable operation revalidates pool identity, runs fixed-argv ZFS commands, verifies provider identity, registers the canonical volume only after success, exposes Activity progress and honest empty/error states; backend planner/API/executor/worker tests, focused UI tests, production build and a Playwright create/review/completion workflow pass; disposable-Linux provider execution remains VOLUME-12",See roadmap acceptance evidence,"VERIFIED — the real Storage UI offers plain media/download/archive/backup/general/VM choices only when a live ZFS pool with stable GUID is detected; immutable previews apply purpose-specific dataset/zvol defaults, capacity reserve and health gates; a durable non-cancellable operation revalidates pool identity, runs fixed-argv ZFS commands, verifies provider identity, registers the canonical volume only after success, exposes Activity progress and honest empty/error states; backend planner/API/executor/worker tests, focused UI tests, production build and a Playwright create/review/completion workflow pass; disposable-Linux provider execution remains VOLUME-12",,None identified,,None; preserve with regression coverage
VOLUME-04,P1,Advanced volume creation,VOLUME-01;VOLUME-02,VERIFIED,"VERIFIED — Advanced Storage customization changes the real immutable ZFS plan and fixed-argv executor command for dataset/zvol type, bounded compression, recordsize/volblocksize, atime, safe mount path and sparse allocation; server-side validation rejects traversal, incompatible and unbounded values; LVM/LUN creation remains deliberately absent because no mutation provider exists; deterministic formula/argv/API/component tests, production TypeScript build and a Playwright Advanced-geometry workflow pass",,"VERIFIED — Advanced Storage customization changes the real immutable ZFS plan and fixed-argv executor command for dataset/zvol type, bounded compression, recordsize/volblocksize, atime, safe mount path and sparse allocation; server-side validation rejects traversal, incompatible and unbounded values; LVM/LUN creation remains deliberately absent because no mutation provider exists; deterministic formula/argv/API/component tests, production TypeScript build and a Playwright Advanced-geometry workflow pass",,None identified,,None; preserve with regression coverage
VOLUME-05,P2,Snapshot and clone lifecycle,VOLUME-04,NOT STARTED,,,,,None identified,,"Implement and prove: Implement durable create/list/restore/delete, schedules, retention, and clone behavior for providers that expose those operations."
VOLUME-06,P2,"Quotas, reservations, and thin provisioning",VOLUME-05,NOT STARTED,,,,,None identified,,Implement and prove: Apply and read back provider-native capacity limits without simulating them on unsupported backends.
VOLUME-07,P2,Storage QoS and IO limits,VOLUME-06,NOT STARTED,,,,,None identified,,Implement and prove: Apply provider/cgroup/native limits only where supported and show actual effective configuration.
VOLUME-08,P2,Replication targets and schedules,VOLUME-07,NOT STARTED,,,,,None identified,,"Implement and prove: Configure backend-aware remote replication, credentials, schedules, resumability, lag, and failure history."
VOLUME-09,P2,Replication telemetry,VOLUME-08,NOT STARTED,,,,,None identified,,"Implement and prove: Persist last success, lag, transferred bytes, destination state, recovery point, and honest unavailable values."
VOLUME-10,P2,Hot-spare and rolling replacement policies,VOLUME-09,NOT STARTED,,,,,None identified,,"Implement and prove: Model provider-native spares and maintenance replacement without conflating parity, replicas, or generic copies."
VOLUME-11,P2,Logical-storage UI and Activity,VOLUME-03;VOLUME-04,NOT STARTED,,,,,None identified,,"Implement and prove: Provide navigation, list/detail, wizard, capability matrix, history, loading/empty/error states, and durable operation progress."
VOLUME-12,P2,Disposable Linux integration,VOLUME-04;VOLUME-05;VOLUME-06;VOLUME-08;VOLUME-11,NOT STARTED,,,,,None identified,,"Implement and prove: Execute capability, creation, snapshot, restore, quota, LUN, and replication tests only against purpose-created virtual storage."
HA-01,P1,HA-1 controller/path redundancy traceability,,VERIFIED IN ISOLATION,VERIFIED IN ISOLATION — controller/path failover and identity preservation are covered by the existing multipath lifecycle evidence,,,,None identified,,Implement and prove: Preserve the existing proven multipath lifecycle as a separate maturity level.
HA-02,P1,HA-2 controlled ownership handoff,HA-01,VERIFIED IN ISOLATION,VERIFIED IN ISOLATION — two-node virtual workflow proved controlled handoff; persistent product settings and UI remain HA-03/HA-08 work,See roadmap acceptance evidence,,,None identified,,Implement and prove: Preserve and productize explicit single-writer storage ownership handoff between two nodes.
HA-03,P1,HA-3 persistent peer awareness,HA-02,NOT STARTED,,,,,None identified,,"Implement and prove: Persist local/peer identity, FQDN/IP presentation, reachability, role, current owner, readiness, synchronization, and history."
HA-04,P2,HA-4 replicated control-plane state,HA-03,NOT STARTED,,,,,None identified,,"Implement and prove: Replicate only defined control-plane state with schema/version checks, conflict handling, secret boundaries, and recovery proof."
HA-05,P2,HA-5 floating service endpoint,HA-03,NOT STARTED,,,,,None identified,,Implement and prove: Configure and verify a stable service IP/endpoint without changing application storage paths.
HA-06,P2,HA-6 automatic active/passive failover,HA-03;HA-04;HA-05;HA-07,NOT STARTED,,,,,None identified,,"Implement and prove: Detect failure, preserve single-writer ownership, transition services/storage, record cause/duration, and support configured failback."
HA-07,P2,HA-7 fencing and split-brain protection,HA-03,NOT STARTED,,,,,None identified,,Implement and prove: Require a tested fencing/quorum mechanism before automatic shared-storage ownership changes.
HA-08,P1,Advanced HA settings and status UI,HA-03,NOT STARTED,,,,,None identified,,"Implement and prove: Expose configured mode, nodes, addresses, roles, owner, readiness, endpoint, sync, failover/failback history, and only controls that affect runtime."
HA-09,P2,HA telemetry and graph annotations,HA-03;HA-08,NOT STARTED,,,,,None identified,,"Implement and prove: Persist serving node, storage availability, transition cause/duration, CPU/IO behavior, and recovery annotations."
HA-10,P2,Active/passive A/B fault-injection validation,HA-04;HA-05;HA-06;HA-07;HA-09;LAB-01;LAB-03,NOT STARTED,,,,,None identified,,"Implement and prove: Execute failure, restart, handoff, endpoint, fencing, integrity, and failback scenarios in the persistent virtual lab."
LAB-01,P1,Persistent Hoardarr-A and Hoardarr-B nodes,,IN PROGRESS,"IN PROGRESS — persistent 2-vCPU/2-GiB Hoardarr-A and Hoardarr-B VM shells with thin virtual OS disks now exist in the VMware `Hoardarr Development` folder on `Data Vlan 200`; protected physical SSDs are excluded. Corrected appliance installation, virtual data-disk attachment and beta exposure remain.",,,"IN PROGRESS — persistent 2-vCPU/2-GiB Hoardarr-A and Hoardarr-B VM shells with thin virtual OS disks now exist in the VMware `Hoardarr Development` folder on `Data Vlan 200`; protected physical SSDs are excluded. Corrected appliance installation, virtual data-disk attachment and beta exposure remain.",Matching physical provider/hardware execution,,Implement and prove: Maintain two owner-auditable Ubuntu 24.04/Python 3.12/systemd nodes separately from disposable CI.
LAB-02,P1,Protected physical-disk boundary,LAB-01,VERIFIED,VERIFIED — beta inventory is read-only and no saved plan has been applied,,,VERIFIED — beta inventory is read-only and no saved plan has been applied,None identified,,None; preserve with regression coverage
LAB-03,P1,Real virtual managed storage,LAB-01;LAB-02,NOT STARTED,,,,,None identified,,"Implement and prove: Create actual mergerFS/SnapRAID, ZFS, Linux MD, landing-tier, and shared multipath constructs through Hoardarr-supported paths."
LAB-04,P1,Visible beta/lab state,LAB-03,NOT STARTED,,,,,None identified,,"Implement and prove: Show real groups, pools, tiers, jobs, topology, graphs, peers, and failover history for owner inspection without frontend fixtures."
LAB-05,P1,Store-and-forward fleet validation,LAB-01;FLEET-17,NOT STARTED,,,,,None identified,,"Implement and prove: Demonstrate offline queue, reconnect, authenticated batch, acknowledgement, and deletion on both persistent nodes."
LAB-06,P1,Cross-system virtual-drive lifecycle,LAB-01;LAB-03;FLEET-07,NOT STARTED,,,,,None identified,,Implement and prove: Move one virtual stable drive identity from A to B and preserve pseudonymous lifecycle without claiming ownership transfer.
LAB-07,P2,Persistent lab rebuild and drift automation,LAB-06,NOT STARTED,,,,,None identified,,"Implement and prove: Document and automate safe recreation, snapshot, health, backup, and drift checks without treating the lab as CI."
LAB-08,P2,Persona and live-product QA,LAB-07,NOT STARTED,,,,,None identified,,Implement and prove: Run Guided/ARR/data-hoarder/storage-expert scenarios against real lab state and retain browser evidence.
ARCH-01,P1,Canonical extension-model ADR,,VERIFIED,"VERIFIED — `docs/development/architecture-reconciliation.md` defines one provider API v1 model: repository-built bounded providers remain in-process, typed storage mutation stays behind the executor, and signed third-party add-ons use isolated systemd services; the capabilities API, provider registry, add-on packaging and their tests implement that decision rather than a second plugin runtime.",,"VERIFIED — `docs/development/architecture-reconciliation.md` defines one provider API v1 model: repository-built bounded providers remain in-process, typed storage mutation stays behind the executor, and signed third-party add-ons use isolated systemd services; the capabilities API, provider registry, add-on packaging and their tests implement that decision rather than a second plugin runtime.",,None identified,,None; preserve with regression coverage
ARCH-02,P1,In-process provider boundary,,VERIFIED,"SOFTWARE VERIFIED — provider API v1 admits only repository-built bounded hardware, storage, and ARR/media adapters in-process; the hardware registry exposes API version, built-in trust, and execution model; storage mutation remains behind typed identity-revalidating executor operations; third-party code uses the existing signed systemd add-on boundary rather than dynamic in-process loading; the authenticated capabilities API exposes this contract and provider/API tests pass",,"SOFTWARE VERIFIED — provider API v1 admits only repository-built bounded hardware, storage, and ARR/media adapters in-process; the hardware registry exposes API version, built-in trust, and execution model; storage mutation remains behind typed identity-revalidating executor operations; third-party code uses the existing signed systemd add-on boundary rather than dynamic in-process loading; the authenticated capabilities API exposes this contract and provider/API tests pass",,None identified,,None; preserve with regression coverage
ARCH-03,P2,Isolated third-party extension boundary,,VERIFIED,"SOFTWARE VERIFIED — signed local add-on packages are schema/API/database/version/package/privilege checked, digest verified, traversal bounded and installed atomically; enabled third-party code runs in a dedicated DynamicUser systemd process with privilege-derived devices, paths, capabilities and hardening rather than loading into the API process; lifecycle and generated-unit behavior pass add-on/API/release tests",,"SOFTWARE VERIFIED — signed local add-on packages are schema/API/database/version/package/privilege checked, digest verified, traversal bounded and installed atomically; enabled third-party code runs in a dedicated DynamicUser systemd process with privilege-derived devices, paths, capabilities and hardening rather than loading into the API process; lifecycle and generated-unit behavior pass add-on/API/release tests",,None identified,,None; preserve with regression coverage
ARCH-04,P1,Systemd appliance deployment reconciliation,,VERIFIED,"SOFTWARE VERIFIED — the architecture decision, README, bootstrap/install/update documentation and packaging consistently make Ubuntu 24.04, Python 3.12, wheel/frontend release bundles, Alembic, systemd, atomic release switching and QEMU the production path; remaining container references describe ARR application paths or development only, not an alternative Hoardarr runtime; appliance/systemd/release workflows remain the executable evidence",,,,None identified,,None; preserve with regression coverage
ARCH-05,P2,HA capability traceability,,NOT STARTED,,,,,None identified,,"Implement and prove: Separate multipath failover, controlled ownership handoff, automatic node failover, fencing/quorum, and state replication."
ARCH-06,P3,Automatic HA/fencing/state replication,HA-03;HA-04;HA-05;HA-07,NOT STARTED,,,,,None identified,,Implement and prove: Implement only as a separately approved advanced roadmap capability; never infer it from controller failover tests.
VALID-01,P1,Lifecycle disposable-storage integration,,VERIFIED IN ISOLATION,"VERIFIED IN ISOLATION — Ubuntu run `32672472428` creates separate loop-backed ext4 source/destination filesystems and executes activation, preferred write, BLAKE3 drain, read-only transition, pause/resume, intentional worker interruption, stale-operation recovery, retirement and namespace reconciliation without changing the stable media namespace; evidence is retained by the `storage-group-drain-lifecycle` artifact",,"VERIFIED IN ISOLATION — Ubuntu run `32672472428` creates separate loop-backed ext4 source/destination filesystems and executes activation, preferred write, BLAKE3 drain, read-only transition, pause/resume, intentional worker interruption, stale-operation recovery, retirement and namespace reconciliation without changing the stable media namespace; evidence is retained by the `storage-group-drain-lifecycle` artifact",,None identified,,Implement and prove: Execute lifecycle and namespace tests on test-created Linux disks/filesystems.
VALID-02,P1,Drain interruption and fault injection,,VERIFIED IN ISOLATION,"VERIFIED IN ISOLATION — the Ubuntu loop lifecycle proves pause/resume and restart recovery; focused filesystem-backed worker tests prove destination-full preflight, source/destination disappearance, ARR/open-file conflicts, maintenance-window pause, checksum failure, bandwidth limiting and requeue semantics; no physical disk was mutated",,"VERIFIED IN ISOLATION — the Ubuntu loop lifecycle proves pause/resume and restart recovery; focused filesystem-backed worker tests prove destination-full preflight, source/destination disappearance, ARR/open-file conflicts, maintenance-window pause, checksum failure, bandwidth limiting and requeue semantics; no physical disk was mutated",,Matching physical provider/hardware execution,,"Implement and prove: Execute restart, full destination, device loss, ARR conflict, verification failure, and resume scenarios."
VALID-03,P2,Foreign/archive integration,,VERIFIED IN ISOLATION,"VERIFIED IN ISOLATION — Ubuntu run `32689415751` used purpose-created Linux loops to classify an ext4 Unraid data member and a no-filesystem parity member from stable assignment evidence without parity reuse, then mounted an independent ext4 archive source read-only, copied two files through the production durable migration worker, preserved relative paths, pause/resumed, recovered a stale worker/private mount, rejected a collision, matched source/destination SHA-256, retained the source and unmounted it after completion; artifact `storage-expansion-evidence` preserves the reports",,"VERIFIED IN ISOLATION — Ubuntu run `32689415751` used purpose-created Linux loops to classify an ext4 Unraid data member and a no-filesystem parity member from stable assignment evidence without parity reuse, then mounted an independent ext4 archive source read-only, copied two files through the production durable migration worker, preserved relative paths, pause/resumed, recovered a stale worker/private mount, rejected a collision, matched source/destination SHA-256, retained the source and unmounted it after completion; artifact `storage-expansion-evidence` preserves the reports",,None identified,,Implement and prove: Execute read-only foreign and Unraid-like fixtures plus archive copy/verification reports.
VALID-04,P2,Backup and automation integration,,VERIFIED IN ISOLATION,"VERIFIED IN ISOLATION — Ubuntu 24.04 CI completed live MinIO target proof, durable upload, full remote SHA-256 verification, download, safe extraction and SQLite restore validation; HA/metrics contracts pass, and the production webhook worker delivered to a disposable live TCP HTTP receiver with exact payload and HMAC verification. Commercial S3 endpoints remain provider certification, not a missing software path",,,,None identified,,Implement and prove: Execute S3 outage/resume/checksum/restore and HA/webhook/metrics contract tests.
VALID-05,P1,Topology fixture regression,,VERIFIED,"SOFTWARE VERIFIED — sanitized SAS2308/SAS3008 and DS424IOM6/DS224IOM6 fixtures exercise confirmed/inferred/unknown bay evidence, 3/6/12 Gb/s interpretation, PHY errors, path loss, enclosure disappearance and drift without embedding real identifiers; browser E2E asserts and screenshots the rendered chain. Matching physical-provider certification remains HW-16",See roadmap acceptance evidence,,,Matching physical provider/hardware execution,,None; preserve with regression coverage
VALID-06,P1,Two-pass release gates,,VERIFIED,"SOFTWARE VERIFIED — immutable commit `66246ac274479724cebc61297b595935fbc1e012` passed CI run `32718177066`: 542 backend, 162 frontend, 4 accessibility, 33 Chromium E2E, 74 bootstrap and 19 release tests plus Ruff, bounded telemetry soak, Linux sources, wheel/release/systemd, installed appliance and live MinIO. Storage run `32718177058` passed all four applicable isolated jobs. Archive digest `7e764ecb5af30dc9947df40b19f12839df5ea1cd7f134e9f5424e8820dd27536` was independently verified and deployed to the beta bench",,"SOFTWARE VERIFIED — immutable commit `66246ac274479724cebc61297b595935fbc1e012` passed CI run `32718177066`: 542 backend, 162 frontend, 4 accessibility, 33 Chromium E2E, 74 bootstrap and 19 release tests plus Ruff, bounded telemetry soak, Linux sources, wheel/release/systemd, installed appliance and live MinIO. Storage run `32718177058` passed all four applicable isolated jobs. Archive digest `7e764ecb5af30dc9947df40b19f12839df5ea1cd7f134e9f5424e8820dd27536` was independently verified and deployed to the beta bench","SOFTWARE VERIFIED — immutable commit `66246ac274479724cebc61297b595935fbc1e012` passed CI run `32718177066`: 542 backend, 162 frontend, 4 accessibility, 33 Chromium E2E, 74 bootstrap and 19 release tests plus Ruff, bounded telemetry soak, Linux sources, wheel/release/systemd, installed appliance and live MinIO. Storage run `32718177058` passed all four applicable isolated jobs. Archive digest `7e764ecb5af30dc9947df40b19f12839df5ea1cd7f134e9f5424e8820dd27536` was independently verified and deployed to the beta bench",None identified,,None; preserve with regression coverage
